#,nm_per_px,x_nm,lambda_100nm,lambda_500nm,lambda_1000nm,y,y_offset
1,10.1,10.1 ,0.59 ,0.13 ,0.06 ,0.78 ,3.78
2,10.1,20.2 ,0.95 ,0.25 ,0.13 ,1.33 ,4.33
3,10.1,30.3 ,0.95 ,0.37 ,0.19 ,1.51 ,4.51
4,10.1,40.4 ,0.57 ,0.49 ,0.25 ,1.30 ,4.30
5,10.1,50.5 ,-0.03 ,0.59 ,0.31 ,0.87 ,3.87
6,10.1,60.6 ,-0.62 ,0.69 ,0.37 ,0.44 ,3.44
7,10.1,70.7 ,-0.96 ,0.78 ,0.43 ,0.24 ,3.24
8,10.1,80.8 ,-0.93 ,0.85 ,0.49 ,0.40 ,3.40
9,10.1,90.9 ,-0.54 ,0.91 ,0.54 ,0.91 ,3.91
10,10.1,101.0 ,0.06 ,0.95 ,0.59 ,1.61 ,4.61
11,10.1,111.1 ,0.64 ,0.98 ,0.64 ,2.27 ,5.27
12,10.1,121.2 ,0.97 ,1.00 ,0.69 ,2.66 ,5.66
13,10.1,131.3 ,0.92 ,1.00 ,0.73 ,2.65 ,5.65
14,10.1,141.4 ,0.51 ,0.98 ,0.78 ,2.27 ,5.27
15,10.1,151.5 ,-0.09 ,0.95 ,0.81 ,1.67 ,4.67
16,10.1,161.6 ,-0.67 ,0.90 ,0.85 ,1.08 ,4.08
17,10.1,171.7 ,-0.98 ,0.83 ,0.88 ,0.74 ,3.74
18,10.1,181.8 ,-0.91 ,0.76 ,0.91 ,0.76 ,3.76
19,10.1,191.9 ,-0.49 ,0.67 ,0.93 ,1.11 ,4.11
20,10.1,202.0 ,0.13 ,0.57 ,0.95 ,1.65 ,4.65
21,10.1,212.1 ,0.69 ,0.46 ,0.97 ,2.12 ,5.12
22,10.1,222.2 ,0.98 ,0.34 ,0.98 ,2.31 ,5.31
23,10.1,232.3 ,0.90 ,0.22 ,0.99 ,2.11 ,5.11
24,10.1,242.4 ,0.46 ,0.10 ,1.00 ,1.55 ,4.55
25,10.1,252.5 ,-0.16 ,-0.03 ,1.00 ,0.81 ,3.81
26,10.1,262.6 ,-0.71 ,-0.16 ,1.00 ,0.13 ,3.13
27,10.1,272.7 ,-0.99 ,-0.28 ,0.99 ,-0.28 ,2.72
28,10.1,282.8 ,-0.88 ,-0.40 ,0.98 ,-0.30 ,2.70
29,10.1,292.9 ,-0.43 ,-0.51 ,0.96 ,0.02 ,3.02
30,10.1,303.0 ,0.19 ,-0.62 ,0.95 ,0.51 ,3.51
31,10.1,313.1 ,0.73 ,-0.71 ,0.92 ,0.94 ,3.94
32,10.1,323.2 ,0.99 ,-0.80 ,0.90 ,1.09 ,4.09
33,10.1,333.3 ,0.87 ,-0.87 ,0.87 ,0.87 ,3.87
34,10.1,343.4 ,0.40 ,-0.92 ,0.83 ,0.31 ,3.31
35,10.1,353.5 ,-0.22 ,-0.96 ,0.80 ,-0.39 ,2.61
36,10.1,363.6 ,-0.75 ,-0.99 ,0.76 ,-0.99 ,2.01
37,10.1,373.7 ,-1.00 ,-1.00 ,0.71 ,-1.28 ,1.72
38,10.1,383.8 ,-0.85 ,-0.99 ,0.67 ,-1.18 ,1.82
39,10.1,393.9 ,-0.37 ,-0.97 ,0.62 ,-0.73 ,2.27
40,10.1,404.0 ,0.25 ,-0.93 ,0.57 ,-0.12 ,2.88
41,10.1,414.1 ,0.77 ,-0.88 ,0.51 ,0.41 ,3.41
42,10.1,424.2 ,1.00 ,-0.81 ,0.46 ,0.64 ,3.64
43,10.1,434.3 ,0.83 ,-0.73 ,0.40 ,0.50 ,3.50
44,10.1,444.4 ,0.34 ,-0.64 ,0.34 ,0.04 ,3.04
45,10.1,454.5 ,-0.28 ,-0.54 ,0.28 ,-0.54 ,2.46
46,10.1,464.6 ,-0.79 ,-0.43 ,0.22 ,-1.00 ,2.00
47,10.1,474.7 ,-1.00 ,-0.31 ,0.16 ,-1.15 ,1.85
48,10.1,484.8 ,-0.82 ,-0.19 ,0.10 ,-0.91 ,2.09
49,10.1,494.9 ,-0.31 ,-0.06 ,0.03 ,-0.35 ,2.65
50,10.1,505.0 ,0.31 ,0.06 ,-0.03 ,0.34 ,3.34
51,10.1,515.1 ,0.81 ,0.19 ,-0.09 ,0.91 ,3.91
52,10.1,525.2 ,1.00 ,0.31 ,-0.16 ,1.15 ,4.15
53,10.1,535.3 ,0.80 ,0.43 ,-0.22 ,1.01 ,4.01
54,10.1,545.4 ,0.29 ,0.54 ,-0.28 ,0.54 ,3.54
55,10.1,555.5 ,-0.34 ,0.64 ,-0.34 ,-0.04 ,2.96
56,10.1,565.6 ,-0.83 ,0.73 ,-0.40 ,-0.50 ,2.50
57,10.1,575.7 ,-1.00 ,0.81 ,-0.46 ,-0.64 ,2.36
58,10.1,585.8 ,-0.78 ,0.88 ,-0.51 ,-0.41 ,2.59
59,10.1,595.9 ,-0.25 ,0.93 ,-0.57 ,0.11 ,3.11
60,10.1,606.0 ,0.37 ,0.97 ,-0.62 ,0.72 ,3.72
61,10.1,616.1 ,0.85 ,0.99 ,-0.67 ,1.17 ,4.17
62,10.1,626.2 ,1.00 ,1.00 ,-0.71 ,1.28 ,4.28
63,10.1,636.3 ,0.76 ,0.99 ,-0.76 ,0.99 ,3.99
64,10.1,646.4 ,0.22 ,0.96 ,-0.80 ,0.39 ,3.39
65,10.1,656.5 ,-0.40 ,0.92 ,-0.83 ,-0.31 ,2.69
66,10.1,666.6 ,-0.86 ,0.87 ,-0.87 ,-0.86 ,2.14
67,10.1,676.7 ,-0.99 ,0.80 ,-0.90 ,-1.09 ,1.91
68,10.1,686.8 ,-0.74 ,0.71 ,-0.92 ,-0.95 ,2.05
69,10.1,696.9 ,-0.19 ,0.62 ,-0.94 ,-0.52 ,2.48
70,10.1,707.0 ,0.43 ,0.51 ,-0.96 ,-0.02 ,2.98
71,10.1,717.1 ,0.88 ,0.40 ,-0.98 ,0.30 ,3.30
72,10.1,727.2 ,0.99 ,0.28 ,-0.99 ,0.28 ,3.28
73,10.1,737.3 ,0.72 ,0.16 ,-1.00 ,-0.12 ,2.88
74,10.1,747.4 ,0.16 ,0.03 ,-1.00 ,-0.80 ,2.20
75,10.1,757.5 ,-0.45 ,-0.09 ,-1.00 ,-1.55 ,1.45
76,10.1,767.6 ,-0.89 ,-0.22 ,-0.99 ,-2.11 ,0.89
77,10.1,777.7 ,-0.99 ,-0.34 ,-0.98 ,-2.31 ,0.69
78,10.1,787.8 ,-0.69 ,-0.46 ,-0.97 ,-2.12 ,0.88
79,10.1,797.9 ,-0.13 ,-0.57 ,-0.96 ,-1.65 ,1.35
80,10.1,808.0 ,0.48 ,-0.67 ,-0.93 ,-1.12 ,1.88
81,10.1,818.1 ,0.91 ,-0.76 ,-0.91 ,-0.76 ,2.24
82,10.1,828.2 ,0.98 ,-0.83 ,-0.88 ,-0.73 ,2.27
83,10.1,838.3 ,0.67 ,-0.90 ,-0.85 ,-1.07 ,1.93
84,10.1,848.4 ,0.10 ,-0.94 ,-0.81 ,-1.66 ,1.34
85,10.1,858.5 ,-0.51 ,-0.98 ,-0.78 ,-2.26 ,0.74
86,10.1,868.6 ,-0.92 ,-1.00 ,-0.73 ,-2.65 ,0.35
87,10.1,878.7 ,-0.97 ,-1.00 ,-0.69 ,-2.66 ,0.34
88,10.1,888.8 ,-0.65 ,-0.99 ,-0.64 ,-2.28 ,0.72
89,10.1,898.9 ,-0.07 ,-0.96 ,-0.59 ,-1.62 ,1.38
90,10.1,909.0 ,0.54 ,-0.91 ,-0.54 ,-0.92 ,2.08
91,10.1,919.1 ,0.93 ,-0.85 ,-0.49 ,-0.40 ,2.60
92,10.1,929.2 ,0.97 ,-0.78 ,-0.43 ,-0.24 ,2.76
93,10.1,939.3 ,0.62 ,-0.69 ,-0.37 ,-0.44 ,2.56
94,10.1,949.4 ,0.04 ,-0.59 ,-0.31 ,-0.87 ,2.13
95,10.1,959.5 ,-0.56 ,-0.49 ,-0.25 ,-1.30 ,1.70
96,10.1,969.6 ,-0.94 ,-0.37 ,-0.19 ,-1.51 ,1.49
97,10.1,979.7 ,-0.96 ,-0.25 ,-0.13 ,-1.34 ,1.66
98,10.1,989.8 ,-0.60 ,-0.13 ,-0.06 ,-0.79 ,2.21
99,10.1,999.9 ,-0.01 ,0.00 ,0.00 ,-0.01 ,2.99
100,10.1,1010.0 ,0.59 ,0.13 ,0.06 ,0.78 ,3.78
101,10.1,1020.1 ,0.95 ,0.25 ,0.13 ,1.33 ,4.33
102,10.1,1030.2 ,0.95 ,0.37 ,0.19 ,1.51 ,4.51
103,10.1,1040.3 ,0.57 ,0.49 ,0.25 ,1.31 ,4.31
104,10.1,1050.4 ,-0.03 ,0.59 ,0.31 ,0.88 ,3.88
105,10.1,1060.5 ,-0.61 ,0.69 ,0.37 ,0.45 ,3.45
106,10.1,1070.6 ,-0.96 ,0.78 ,0.43 ,0.24 ,3.24
107,10.1,1080.7 ,-0.94 ,0.85 ,0.49 ,0.40 ,3.40
108,10.1,1090.8 ,-0.55 ,0.91 ,0.54 ,0.90 ,3.90
109,10.1,1100.9 ,0.06 ,0.95 ,0.59 ,1.60 ,4.60
110,10.1,1111.0 ,0.64 ,0.98 ,0.64 ,2.26 ,5.26
111,10.1,1121.1 ,0.97 ,1.00 ,0.69 ,2.66 ,5.66
112,10.1,1131.2 ,0.93 ,1.00 ,0.73 ,2.66 ,5.66
113,10.1,1141.3 ,0.52 ,0.98 ,0.78 ,2.27 ,5.27
114,10.1,1151.4 ,-0.09 ,0.95 ,0.81 ,1.67 ,4.67
115,10.1,1161.5 ,-0.66 ,0.90 ,0.85 ,1.08 ,4.08
116,10.1,1171.6 ,-0.98 ,0.83 ,0.88 ,0.74 ,3.74
117,10.1,1181.7 ,-0.91 ,0.76 ,0.91 ,0.75 ,3.75
118,10.1,1191.8 ,-0.49 ,0.67 ,0.93 ,1.11 ,4.11
119,10.1,1201.9 ,0.12 ,0.57 ,0.95 ,1.64 ,4.64
120,10.1,1212.0 ,0.68 ,0.46 ,0.97 ,2.12 ,5.12
121,10.1,1222.1 ,0.98 ,0.34 ,0.98 ,2.31 ,5.31
122,10.1,1232.2 ,0.90 ,0.22 ,0.99 ,2.11 ,5.11
123,10.1,1242.3 ,0.47 ,0.10 ,1.00 ,1.56 ,4.56
124,10.1,1252.4 ,-0.15 ,-0.03 ,1.00 ,0.82 ,3.82
125,10.1,1262.5 ,-0.71 ,-0.16 ,1.00 ,0.13 ,3.13
126,10.1,1272.6 ,-0.99 ,-0.28 ,0.99 ,-0.28 ,2.72
127,10.1,1282.7 ,-0.89 ,-0.40 ,0.98 ,-0.31 ,2.69
128,10.1,1292.8 ,-0.44 ,-0.51 ,0.96 ,0.01 ,3.01
129,10.1,1302.9 ,0.18 ,-0.62 ,0.95 ,0.51 ,3.51
130,10.1,1313.0 ,0.73 ,-0.71 ,0.92 ,0.94 ,3.94
131,10.1,1323.1 ,0.99 ,-0.79 ,0.90 ,1.09 ,4.09
132,10.1,1333.2 ,0.87 ,-0.87 ,0.87 ,0.87 ,3.87
133,10.1,1343.3 ,0.41 ,-0.92 ,0.83 ,0.32 ,3.32
134,10.1,1353.4 ,-0.21 ,-0.96 ,0.80 ,-0.38 ,2.62
135,10.1,1363.5 ,-0.75 ,-0.99 ,0.76 ,-0.98 ,2.02
136,10.1,1373.6 ,-1.00 ,-1.00 ,0.71 ,-1.28 ,1.72
137,10.1,1383.7 ,-0.85 ,-0.99 ,0.67 ,-1.18 ,1.82
138,10.1,1393.8 ,-0.38 ,-0.97 ,0.62 ,-0.73 ,2.27
139,10.1,1403.9 ,0.24 ,-0.93 ,0.57 ,-0.12 ,2.88
140,10.1,1414.0 ,0.77 ,-0.88 ,0.51 ,0.40 ,3.40
141,10.1,1424.1 ,1.00 ,-0.82 ,0.46 ,0.64 ,3.64
142,10.1,1434.2 ,0.84 ,-0.74 ,0.40 ,0.50 ,3.50
143,10.1,1444.3 ,0.35 ,-0.64 ,0.34 ,0.05 ,3.05
144,10.1,1454.4 ,-0.27 ,-0.54 ,0.28 ,-0.53 ,2.47
145,10.1,1464.5 ,-0.79 ,-0.43 ,0.22 ,-1.00 ,2.00
146,10.1,1474.6 ,-1.00 ,-0.31 ,0.16 ,-1.15 ,1.85
147,10.1,1484.7 ,-0.82 ,-0.19 ,0.10 ,-0.92 ,2.08
148,10.1,1494.8 ,-0.32 ,-0.07 ,0.03 ,-0.35 ,2.65
149,10.1,1504.9 ,0.30 ,0.06 ,-0.03 ,0.33 ,3.33
150,10.1,1515.0 ,0.81 ,0.19 ,-0.09 ,0.90 ,3.90
151,10.1,1525.1 ,1.00 ,0.31 ,-0.16 ,1.15 ,4.15
152,10.1,1535.2 ,0.80 ,0.43 ,-0.22 ,1.01 ,4.01
153,10.1,1545.3 ,0.29 ,0.54 ,-0.28 ,0.55 ,3.55
154,10.1,1555.4 ,-0.33 ,0.64 ,-0.34 ,-0.03 ,2.97
155,10.1,1565.5 ,-0.83 ,0.73 ,-0.40 ,-0.49 ,2.51
156,10.1,1575.6 ,-1.00 ,0.81 ,-0.46 ,-0.64 ,2.36
157,10.1,1585.7 ,-0.78 ,0.88 ,-0.51 ,-0.41 ,2.59
158,10.1,1595.8 ,-0.26 ,0.93 ,-0.57 ,0.11 ,3.11
159,10.1,1605.9 ,0.36 ,0.97 ,-0.62 ,0.72 ,3.72
160,10.1,1616.0 ,0.84 ,0.99 ,-0.67 ,1.17 ,4.17
161,10.1,1626.1 ,1.00 ,1.00 ,-0.71 ,1.29 ,4.29
162,10.1,1636.2 ,0.76 ,0.99 ,-0.76 ,1.00 ,4.00
163,10.1,1646.3 ,0.23 ,0.96 ,-0.80 ,0.40 ,3.40
164,10.1,1656.4 ,-0.39 ,0.92 ,-0.83 ,-0.30 ,2.70
165,10.1,1666.5 ,-0.86 ,0.87 ,-0.87 ,-0.86 ,2.14
166,10.1,1676.6 ,-0.99 ,0.80 ,-0.90 ,-1.09 ,1.91
167,10.1,1686.7 ,-0.74 ,0.71 ,-0.92 ,-0.95 ,2.05
168,10.1,1696.8 ,-0.20 ,0.62 ,-0.94 ,-0.52 ,2.48
169,10.1,1706.9 ,0.42 ,0.52 ,-0.96 ,-0.03 ,2.97
170,10.1,1717.0 ,0.88 ,0.40 ,-0.98 ,0.30 ,3.30
171,10.1,1727.1 ,0.99 ,0.28 ,-0.99 ,0.29 ,3.29
172,10.1,1737.2 ,0.72 ,0.16 ,-1.00 ,-0.12 ,2.88
173,10.1,1747.3 ,0.17 ,0.03 ,-1.00 ,-0.80 ,2.20
174,10.1,1757.4 ,-0.45 ,-0.09 ,-1.00 ,-1.54 ,1.46
175,10.1,1767.5 ,-0.89 ,-0.22 ,-0.99 ,-2.10 ,0.90
176,10.1,1777.6 ,-0.99 ,-0.34 ,-0.99 ,-2.31 ,0.69
177,10.1,1787.7 ,-0.70 ,-0.46 ,-0.97 ,-2.13 ,0.87
178,10.1,1797.8 ,-0.14 ,-0.57 ,-0.96 ,-1.66 ,1.34
179,10.1,1807.9 ,0.48 ,-0.67 ,-0.93 ,-1.12 ,1.88
180,10.1,1818.0 ,0.90 ,-0.75 ,-0.91 ,-0.76 ,2.24
181,10.1,1828.1 ,0.98 ,-0.83 ,-0.88 ,-0.73 ,2.27
182,10.1,1838.2 ,0.68 ,-0.89 ,-0.85 ,-1.07 ,1.93
183,10.1,1848.3 ,0.11 ,-0.94 ,-0.82 ,-1.65 ,1.35
184,10.1,1858.4 ,-0.50 ,-0.98 ,-0.78 ,-2.26 ,0.74
185,10.1,1868.5 ,-0.92 ,-1.00 ,-0.74 ,-2.65 ,0.35
186,10.1,1878.6 ,-0.97 ,-1.00 ,-0.69 ,-2.66 ,0.34
187,10.1,1888.7 ,-0.65 ,-0.99 ,-0.64 ,-2.28 ,0.72
188,10.1,1898.8 ,-0.08 ,-0.96 ,-0.59 ,-1.62 ,1.38
189,10.1,1908.9 ,0.53 ,-0.91 ,-0.54 ,-0.92 ,2.08
190,10.1,1919.0 ,0.93 ,-0.85 ,-0.49 ,-0.41 ,2.59
191,10.1,1929.1 ,0.97 ,-0.78 ,-0.43 ,-0.24 ,2.76
192,10.1,1939.2 ,0.63 ,-0.69 ,-0.37 ,-0.44 ,2.56
193,10.1,1949.3 ,0.04 ,-0.59 ,-0.31 ,-0.86 ,2.14
194,10.1,1959.4 ,-0.56 ,-0.49 ,-0.25 ,-1.30 ,1.70
195,10.1,1969.5 ,-0.94 ,-0.37 ,-0.19 ,-1.51 ,1.49
196,10.1,1979.6 ,-0.96 ,-0.25 ,-0.13 ,-1.34 ,1.66
197,10.1,1989.7 ,-0.60 ,-0.13 ,-0.06 ,-0.80 ,2.20
198,10.1,1999.8 ,-0.01 ,0.00 ,0.00 ,-0.02 ,2.98
199,10.1,2009.9 ,0.58 ,0.12 ,0.06 ,0.77 ,3.77
200,10.1,2020.0 ,0.95 ,0.25 ,0.13 ,1.33 ,4.33
201,10.1,2030.1 ,0.95 ,0.37 ,0.19 ,1.51 ,4.51
202,10.1,2040.2 ,0.58 ,0.48 ,0.25 ,1.31 ,4.31
203,10.1,2050.3 ,-0.02 ,0.59 ,0.31 ,0.88 ,3.88
204,10.1,2060.4 ,-0.61 ,0.69 ,0.37 ,0.45 ,3.45
205,10.1,2070.5 ,-0.96 ,0.77 ,0.43 ,0.24 ,3.24
206,10.1,2080.6 ,-0.94 ,0.85 ,0.49 ,0.39 ,3.39
207,10.1,2090.7 ,-0.55 ,0.91 ,0.54 ,0.90 ,3.90
208,10.1,2100.8 ,0.05 ,0.95 ,0.59 ,1.60 ,4.60
209,10.1,2110.9 ,0.63 ,0.98 ,0.64 ,2.26 ,5.26
210,10.1,2121.0 ,0.97 ,1.00 ,0.69 ,2.66 ,5.66
211,10.1,2131.1 ,0.93 ,1.00 ,0.73 ,2.66 ,5.66
212,10.1,2141.2 ,0.53 ,0.98 ,0.78 ,2.28 ,5.28
213,10.1,2151.3 ,-0.08 ,0.95 ,0.81 ,1.68 ,4.68
214,10.1,2161.4 ,-0.66 ,0.90 ,0.85 ,1.09 ,4.09
215,10.1,2171.5 ,-0.98 ,0.83 ,0.88 ,0.74 ,3.74
216,10.1,2181.6 ,-0.92 ,0.76 ,0.91 ,0.75 ,3.75
217,10.1,2191.7 ,-0.50 ,0.67 ,0.93 ,1.10 ,4.10
218,10.1,2201.8 ,0.11 ,0.57 ,0.95 ,1.64 ,4.64
219,10.1,2211.9 ,0.68 ,0.46 ,0.97 ,2.11 ,5.11
220,10.1,2222.0 ,0.98 ,0.34 ,0.98 ,2.31 ,5.31
221,10.1,2232.1 ,0.90 ,0.22 ,0.99 ,2.12 ,5.12
222,10.1,2242.2 ,0.47 ,0.10 ,1.00 ,1.57 ,4.57
223,10.1,2252.3 ,-0.14 ,-0.03 ,1.00 ,0.83 ,3.83
224,10.1,2262.4 ,-0.70 ,-0.16 ,1.00 ,0.14 ,3.14
225,10.1,2272.5 ,-0.99 ,-0.28 ,0.99 ,-0.28 ,2.72
226,10.1,2282.6 ,-0.89 ,-0.40 ,0.98 ,-0.31 ,2.69
227,10.1,2292.7 ,-0.44 ,-0.51 ,0.96 ,0.01 ,3.01
228,10.1,2302.8 ,0.18 ,-0.62 ,0.95 ,0.50 ,3.50
229,10.1,2312.9 ,0.72 ,-0.71 ,0.92 ,0.94 ,3.94
230,10.1,2323.0 ,0.99 ,-0.79 ,0.90 ,1.09 ,4.09
231,10.1,2333.1 ,0.87 ,-0.86 ,0.87 ,0.88 ,3.88
232,10.1,2343.2 ,0.41 ,-0.92 ,0.83 ,0.33 ,3.33
233,10.1,2353.3 ,-0.21 ,-0.96 ,0.80 ,-0.37 ,2.63
234,10.1,2363.4 ,-0.75 ,-0.99 ,0.76 ,-0.98 ,2.02
235,10.1,2373.5 ,-1.00 ,-1.00 ,0.71 ,-1.28 ,1.72
236,10.1,2383.6 ,-0.86 ,-0.99 ,0.67 ,-1.18 ,1.82
237,10.1,2393.7 ,-0.39 ,-0.97 ,0.62 ,-0.74 ,2.26
238,10.1,2403.8 ,0.24 ,-0.94 ,0.57 ,-0.13 ,2.87
239,10.1,2413.9 ,0.77 ,-0.88 ,0.51 ,0.40 ,3.40
240,10.1,2424.0 ,1.00 ,-0.82 ,0.46 ,0.64 ,3.64
241,10.1,2434.1 ,0.84 ,-0.74 ,0.40 ,0.51 ,3.51
242,10.1,2444.2 ,0.36 ,-0.65 ,0.34 ,0.05 ,3.05
243,10.1,2454.3 ,-0.27 ,-0.54 ,0.28 ,-0.53 ,2.47
244,10.1,2464.4 ,-0.79 ,-0.43 ,0.22 ,-1.00 ,2.00
245,10.1,2474.5 ,-1.00 ,-0.31 ,0.16 ,-1.15 ,1.85
246,10.1,2484.6 ,-0.82 ,-0.19 ,0.10 ,-0.92 ,2.08
247,10.1,2494.7 ,-0.33 ,-0.07 ,0.03 ,-0.36 ,2.64
248,10.1,2504.8 ,0.30 ,0.06 ,-0.03 ,0.33 ,3.33
249,10.1,2514.9 ,0.81 ,0.19 ,-0.09 ,0.90 ,3.90
250,10.1,2525.0 ,1.00 ,0.31 ,-0.16 ,1.15 ,4.15
251,10.1,2535.1 ,0.81 ,0.43 ,-0.22 ,1.01 ,4.01
252,10.1,2545.2 ,0.30 ,0.54 ,-0.28 ,0.55 ,3.55
253,10.1,2555.3 ,-0.33 ,0.64 ,-0.34 ,-0.03 ,2.97
254,10.1,2565.4 ,-0.82 ,0.73 ,-0.40 ,-0.49 ,2.51
255,10.1,2575.5 ,-1.00 ,0.81 ,-0.46 ,-0.64 ,2.36
256,10.1,2585.6 ,-0.79 ,0.88 ,-0.51 ,-0.42 ,2.58
257,10.1,2595.7 ,-0.27 ,0.93 ,-0.57 ,0.10 ,3.10
258,10.1,2605.8 ,0.36 ,0.97 ,-0.62 ,0.71 ,3.71
259,10.1,2615.9 ,0.84 ,0.99 ,-0.67 ,1.17 ,4.17
260,10.1,2626.0 ,1.00 ,1.00 ,-0.71 ,1.29 ,4.29
261,10.1,2636.1 ,0.77 ,0.99 ,-0.75 ,1.00 ,4.00
262,10.1,2646.2 ,0.24 ,0.96 ,-0.79 ,0.41 ,3.41
263,10.1,2656.3 ,-0.39 ,0.92 ,-0.83 ,-0.29 ,2.71
264,10.1,2666.4 ,-0.86 ,0.87 ,-0.87 ,-0.86 ,2.14
265,10.1,2676.5 ,-1.00 ,0.80 ,-0.90 ,-1.09 ,1.91
266,10.1,2686.6 ,-0.75 ,0.72 ,-0.92 ,-0.95 ,2.05
267,10.1,2696.7 ,-0.21 ,0.62 ,-0.94 ,-0.53 ,2.47
268,10.1,2706.8 ,0.41 ,0.52 ,-0.96 ,-0.03 ,2.97
269,10.1,2716.9 ,0.87 ,0.40 ,-0.98 ,0.30 ,3.30
270,10.1,2727.0 ,0.99 ,0.29 ,-0.99 ,0.29 ,3.29
271,10.1,2737.1 ,0.72 ,0.16 ,-1.00 ,-0.11 ,2.89
272,10.1,2747.2 ,0.18 ,0.04 ,-1.00 ,-0.79 ,2.21
273,10.1,2757.3 ,-0.44 ,-0.09 ,-1.00 ,-1.53 ,1.47
274,10.1,2767.4 ,-0.89 ,-0.22 ,-0.99 ,-2.10 ,0.90
275,10.1,2777.5 ,-0.99 ,-0.34 ,-0.99 ,-2.31 ,0.69
276,10.1,2787.6 ,-0.70 ,-0.46 ,-0.97 ,-2.13 ,0.87
277,10.1,2797.7 ,-0.14 ,-0.56 ,-0.96 ,-1.66 ,1.34
278,10.1,2807.8 ,0.47 ,-0.66 ,-0.93 ,-1.13 ,1.87
279,10.1,2817.9 ,0.90 ,-0.75 ,-0.91 ,-0.76 ,2.24
280,10.1,2828.0 ,0.98 ,-0.83 ,-0.88 ,-0.73 ,2.27
281,10.1,2838.1 ,0.68 ,-0.89 ,-0.85 ,-1.07 ,1.93
282,10.1,2848.2 ,0.11 ,-0.94 ,-0.82 ,-1.65 ,1.35
283,10.1,2858.3 ,-0.50 ,-0.98 ,-0.78 ,-2.25 ,0.75
284,10.1,2868.4 ,-0.92 ,-1.00 ,-0.74 ,-2.65 ,0.35
285,10.1,2878.5 ,-0.98 ,-1.00 ,-0.69 ,-2.67 ,0.33
286,10.1,2888.6 ,-0.66 ,-0.99 ,-0.64 ,-2.29 ,0.71
287,10.1,2898.7 ,-0.08 ,-0.96 ,-0.59 ,-1.63 ,1.37
288,10.1,2908.8 ,0.53 ,-0.91 ,-0.54 ,-0.93 ,2.07
289,10.1,2918.9 ,0.93 ,-0.85 ,-0.49 ,-0.41 ,2.59
290,10.1,2929.0 ,0.97 ,-0.78 ,-0.43 ,-0.24 ,2.76
291,10.1,2939.1 ,0.63 ,-0.69 ,-0.37 ,-0.43 ,2.57
292,10.1,2949.2 ,0.05 ,-0.60 ,-0.31 ,-0.86 ,2.14
293,10.1,2959.3 ,-0.55 ,-0.49 ,-0.25 ,-1.29 ,1.71
294,10.1,2969.4 ,-0.94 ,-0.38 ,-0.19 ,-1.50 ,1.50
295,10.1,2979.5 ,-0.96 ,-0.25 ,-0.13 ,-1.34 ,1.66
296,10.1,2989.6 ,-0.61 ,-0.13 ,-0.07 ,-0.80 ,2.20
297,10.1,2999.7 ,-0.02 ,0.00 ,0.00 ,-0.02 ,2.98
298,10.1,3009.8 ,0.58 ,0.12 ,0.06 ,0.76 ,3.76
299,10.1,3019.9 ,0.95 ,0.25 ,0.12 ,1.32 ,4.32
300,10.1,3030.0 ,0.95 ,0.37 ,0.19 ,1.51 ,4.51
301,10.1,3040.1 ,0.58 ,0.48 ,0.25 ,1.31 ,4.31
302,10.1,3050.2 ,-0.01 ,0.59 ,0.31 ,0.89 ,3.89
303,10.1,3060.3 ,-0.60 ,0.69 ,0.37 ,0.45 ,3.45
304,10.1,3070.4 ,-0.96 ,0.77 ,0.43 ,0.24 ,3.24
305,10.1,3080.5 ,-0.94 ,0.85 ,0.48 ,0.39 ,3.39
306,10.1,3090.6 ,-0.56 ,0.91 ,0.54 ,0.89 ,3.89
307,10.1,3100.7 ,0.04 ,0.95 ,0.59 ,1.59 ,4.59
308,10.1,3110.8 ,0.63 ,0.98 ,0.64 ,2.25 ,5.25
309,10.1,3120.9 ,0.97 ,1.00 ,0.69 ,2.65 ,5.65
310,10.1,3131.0 ,0.93 ,1.00 ,0.73 ,2.66 ,5.66
311,10.1,3141.1 ,0.53 ,0.98 ,0.77 ,2.29 ,5.29
312,10.1,3151.2 ,-0.08 ,0.95 ,0.81 ,1.68 ,4.68
313,10.1,3161.3 ,-0.65 ,0.90 ,0.85 ,1.09 ,4.09
314,10.1,3171.4 ,-0.97 ,0.83 ,0.88 ,0.74 ,3.74
315,10.1,3181.5 ,-0.92 ,0.76 ,0.91 ,0.75 ,3.75
316,10.1,3191.6 ,-0.50 ,0.67 ,0.93 ,1.10 ,4.10
317,10.1,3201.7 ,0.11 ,0.57 ,0.95 ,1.63 ,4.63
318,10.1,3211.8 ,0.68 ,0.46 ,0.97 ,2.11 ,5.11
319,10.1,3221.9 ,0.98 ,0.35 ,0.98 ,2.31 ,5.31
320,10.1,3232.0 ,0.90 ,0.22 ,0.99 ,2.12 ,5.12
321,10.1,3242.1 ,0.48 ,0.10 ,1.00 ,1.57 ,4.57
322,10.1,3252.2 ,-0.14 ,-0.03 ,1.00 ,0.83 ,3.83
323,10.1,3262.3 ,-0.70 ,-0.15 ,1.00 ,0.14 ,3.14
324,10.1,3272.4 ,-0.99 ,-0.28 ,0.99 ,-0.27 ,2.73
325,10.1,3282.5 ,-0.89 ,-0.40 ,0.98 ,-0.31 ,2.69
326,10.1,3292.6 ,-0.45 ,-0.51 ,0.96 ,0.01 ,3.01
327,10.1,3302.7 ,0.17 ,-0.61 ,0.95 ,0.50 ,3.50
328,10.1,3312.8 ,0.72 ,-0.71 ,0.92 ,0.93 ,3.93
329,10.1,3322.9 ,0.99 ,-0.79 ,0.90 ,1.10 ,4.10
330,10.1,3333.0 ,0.88 ,-0.86 ,0.87 ,0.88 ,3.88
331,10.1,3343.1 ,0.42 ,-0.92 ,0.83 ,0.33 ,3.33
332,10.1,3353.2 ,-0.20 ,-0.96 ,0.80 ,-0.37 ,2.63
333,10.1,3363.3 ,-0.74 ,-0.99 ,0.76 ,-0.97 ,2.03
334,10.1,3373.4 ,-0.99 ,-1.00 ,0.71 ,-1.28 ,1.72
335,10.1,3383.5 ,-0.86 ,-0.99 ,0.67 ,-1.19 ,1.81
336,10.1,3393.6 ,-0.39 ,-0.97 ,0.62 ,-0.74 ,2.26
337,10.1,3403.7 ,0.23 ,-0.94 ,0.57 ,-0.14 ,2.86
338,10.1,3413.8 ,0.76 ,-0.88 ,0.52 ,0.39 ,3.39
339,10.1,3423.9 ,1.00 ,-0.82 ,0.46 ,0.64 ,3.64
340,10.1,3434.0 ,0.84 ,-0.74 ,0.40 ,0.51 ,3.51
341,10.1,3444.1 ,0.36 ,-0.65 ,0.34 ,0.06 ,3.06
342,10.1,3454.2 ,-0.26 ,-0.54 ,0.28 ,-0.52 ,2.48
343,10.1,3464.3 ,-0.78 ,-0.43 ,0.22 ,-0.99 ,2.01
344,10.1,3474.4 ,-1.00 ,-0.32 ,0.16 ,-1.16 ,1.84
345,10.1,3484.5 ,-0.83 ,-0.19 ,0.10 ,-0.92 ,2.08
346,10.1,3494.6 ,-0.33 ,-0.07 ,0.03 ,-0.37 ,2.63
347,10.1,3504.7 ,0.29 ,0.06 ,-0.03 ,0.32 ,3.32
348,10.1,3514.8 ,0.80 ,0.18 ,-0.09 ,0.89 ,3.89
349,10.1,3524.9 ,1.00 ,0.31 ,-0.16 ,1.15 ,4.15
350,10.1,3535.0 ,0.81 ,0.43 ,-0.22 ,1.02 ,4.02
351,10.1,3545.1 ,0.30 ,0.54 ,-0.28 ,0.56 ,3.56
352,10.1,3555.2 ,-0.32 ,0.64 ,-0.34 ,-0.02 ,2.98
353,10.1,3565.3 ,-0.82 ,0.73 ,-0.40 ,-0.49 ,2.51
354,10.1,3575.4 ,-1.00 ,0.81 ,-0.46 ,-0.64 ,2.36
355,10.1,3585.5 ,-0.79 ,0.88 ,-0.51 ,-0.42 ,2.58
356,10.1,3595.6 ,-0.27 ,0.93 ,-0.57 ,0.09 ,3.09
357,10.1,3605.7 ,0.35 ,0.97 ,-0.62 ,0.70 ,3.70
358,10.1,3615.8 ,0.84 ,0.99 ,-0.67 ,1.17 ,4.17
359,10.1,3625.9 ,1.00 ,1.00 ,-0.71 ,1.29 ,4.29
360,10.1,3636.0 ,0.77 ,0.99 ,-0.75 ,1.01 ,4.01
361,10.1,3646.1 ,0.24 ,0.97 ,-0.79 ,0.41 ,3.41
362,10.1,3656.2 ,-0.38 ,0.92 ,-0.83 ,-0.29 ,2.71
363,10.1,3666.3 ,-0.85 ,0.87 ,-0.86 ,-0.85 ,2.15
364,10.1,3676.4 ,-1.00 ,0.80 ,-0.89 ,-1.09 ,1.91
365,10.1,3686.5 ,-0.75 ,0.72 ,-0.92 ,-0.96 ,2.04
366,10.1,3696.6 ,-0.21 ,0.62 ,-0.94 ,-0.53 ,2.47
367,10.1,3706.7 ,0.41 ,0.52 ,-0.96 ,-0.04 ,2.96
368,10.1,3716.8 ,0.87 ,0.41 ,-0.98 ,0.30 ,3.30
369,10.1,3726.9 ,0.99 ,0.29 ,-0.99 ,0.29 ,3.29
370,10.1,3737.0 ,0.73 ,0.16 ,-1.00 ,-0.11 ,2.89
371,10.1,3747.1 ,0.18 ,0.04 ,-1.00 ,-0.78 ,2.22
372,10.1,3757.2 ,-0.44 ,-0.09 ,-1.00 ,-1.53 ,1.47
373,10.1,3767.3 ,-0.89 ,-0.22 ,-0.99 ,-2.10 ,0.90
374,10.1,3777.4 ,-0.99 ,-0.34 ,-0.99 ,-2.31 ,0.69
375,10.1,3787.5 ,-0.71 ,-0.45 ,-0.97 ,-2.13 ,0.87
376,10.1,3797.6 ,-0.15 ,-0.56 ,-0.96 ,-1.67 ,1.33
377,10.1,3807.7 ,0.47 ,-0.66 ,-0.93 ,-1.13 ,1.87
378,10.1,3817.8 ,0.90 ,-0.75 ,-0.91 ,-0.76 ,2.24
379,10.1,3827.9 ,0.98 ,-0.83 ,-0.88 ,-0.73 ,2.27
380,10.1,3838.0 ,0.68 ,-0.89 ,-0.85 ,-1.06 ,1.94
381,10.1,3848.1 ,0.12 ,-0.94 ,-0.82 ,-1.64 ,1.36
382,10.1,3858.2 ,-0.49 ,-0.98 ,-0.78 ,-2.25 ,0.75
383,10.1,3868.3 ,-0.91 ,-1.00 ,-0.74 ,-2.65 ,0.35
384,10.1,3878.4 ,-0.98 ,-1.00 ,-0.69 ,-2.67 ,0.33
385,10.1,3888.5 ,-0.66 ,-0.99 ,-0.64 ,-2.29 ,0.71
386,10.1,3898.6 ,-0.09 ,-0.96 ,-0.59 ,-1.64 ,1.36
387,10.1,3908.7 ,0.52 ,-0.91 ,-0.54 ,-0.93 ,2.07
388,10.1,3918.8 ,0.93 ,-0.85 ,-0.49 ,-0.42 ,2.58
389,10.1,3928.9 ,0.97 ,-0.78 ,-0.43 ,-0.24 ,2.76
390,10.1,3939.0 ,0.64 ,-0.69 ,-0.37 ,-0.43 ,2.57
391,10.1,3949.1 ,0.06 ,-0.60 ,-0.31 ,-0.85 ,2.15
392,10.1,3959.2 ,-0.55 ,-0.49 ,-0.25 ,-1.29 ,1.71
393,10.1,3969.3 ,-0.94 ,-0.38 ,-0.19 ,-1.50 ,1.50
394,10.1,3979.4 ,-0.96 ,-0.26 ,-0.13 ,-1.35 ,1.65
395,10.1,3989.5 ,-0.61 ,-0.13 ,-0.07 ,-0.81 ,2.19
396,10.1,3999.6 ,-0.03 ,-0.01 ,0.00 ,-0.03 ,2.97
397,10.1,4009.7 ,0.57 ,0.12 ,0.06 ,0.75 ,3.75
398,10.1,4019.8 ,0.95 ,0.25 ,0.12 ,1.32 ,4.32
399,10.1,4029.9 ,0.95 ,0.37 ,0.19 ,1.51 ,4.51
400,10.1,4040.0 ,0.59 ,0.48 ,0.25 ,1.32 ,4.32
401,10.1,4050.1 ,-0.01 ,0.59 ,0.31 ,0.89 ,3.89
402,10.1,4060.2 ,-0.60 ,0.69 ,0.37 ,0.46 ,3.46
403,10.1,4070.3 ,-0.96 ,0.77 ,0.43 ,0.24 ,3.24
404,10.1,4080.4 ,-0.94 ,0.85 ,0.48 ,0.39 ,3.39
405,10.1,4090.5 ,-0.56 ,0.91 ,0.54 ,0.88 ,3.88
406,10.1,4100.6 ,0.04 ,0.95 ,0.59 ,1.58 ,4.58
407,10.1,4110.7 ,0.62 ,0.98 ,0.64 ,2.25 ,5.25
408,10.1,4120.8 ,0.97 ,1.00 ,0.69 ,2.65 ,5.65
409,10.1,4130.9 ,0.93 ,1.00 ,0.73 ,2.66 ,5.66
410,10.1,4141.0 ,0.54 ,0.98 ,0.77 ,2.29 ,5.29
411,10.1,4151.1 ,-0.07 ,0.95 ,0.81 ,1.69 ,4.69
412,10.1,4161.2 ,-0.65 ,0.90 ,0.85 ,1.10 ,4.10
413,10.1,4171.3 ,-0.97 ,0.84 ,0.88 ,0.74 ,3.74
414,10.1,4181.4 ,-0.92 ,0.76 ,0.91 ,0.75 ,3.75
415,10.1,4191.5 ,-0.51 ,0.67 ,0.93 ,1.09 ,4.09
416,10.1,4201.6 ,0.10 ,0.57 ,0.95 ,1.63 ,4.63
417,10.1,4211.7 ,0.67 ,0.46 ,0.97 ,2.10 ,5.10
418,10.1,4221.8 ,0.98 ,0.35 ,0.98 ,2.31 ,5.31
419,10.1,4231.9 ,0.91 ,0.23 ,0.99 ,2.13 ,5.13
420,10.1,4242.0 ,0.48 ,0.10 ,1.00 ,1.58 ,4.58
421,10.1,4252.1 ,-0.13 ,-0.03 ,1.00 ,0.84 ,3.84
422,10.1,4262.2 ,-0.69 ,-0.15 ,1.00 ,0.15 ,3.15
423,10.1,4272.3 ,-0.99 ,-0.28 ,0.99 ,-0.27 ,2.73
424,10.1,4282.4 ,-0.89 ,-0.40 ,0.98 ,-0.31 ,2.69
425,10.1,4292.5 ,-0.45 ,-0.51 ,0.96 ,0.00 ,3.00
426,10.1,4302.6 ,0.16 ,-0.61 ,0.95 ,0.49 ,3.49
427,10.1,4312.7 ,0.72 ,-0.71 ,0.92 ,0.93 ,3.93
428,10.1,4322.8 ,0.99 ,-0.79 ,0.90 ,1.10 ,4.10
429,10.1,4332.9 ,0.88 ,-0.86 ,0.87 ,0.88 ,3.88
430,10.1,4343.0 ,0.43 ,-0.92 ,0.83 ,0.34 ,3.34
431,10.1,4353.1 ,-0.19 ,-0.96 ,0.80 ,-0.36 ,2.64
432,10.1,4363.2 ,-0.74 ,-0.99 ,0.76 ,-0.97 ,2.03
433,10.1,4373.3 ,-0.99 ,-1.00 ,0.71 ,-1.28 ,1.72
434,10.1,4383.4 ,-0.86 ,-0.99 ,0.67 ,-1.19 ,1.81
435,10.1,4393.5 ,-0.40 ,-0.97 ,0.62 ,-0.75 ,2.25
436,10.1,4403.6 ,0.22 ,-0.94 ,0.57 ,-0.14 ,2.86
437,10.1,4413.7 ,0.76 ,-0.88 ,0.52 ,0.39 ,3.39
438,10.1,4423.8 ,1.00 ,-0.82 ,0.46 ,0.64 ,3.64
439,10.1,4433.9 ,0.85 ,-0.74 ,0.40 ,0.51 ,3.51
440,10.1,4444.0 ,0.37 ,-0.65 ,0.34 ,0.07 ,3.07
441,10.1,4454.1 ,-0.25 ,-0.55 ,0.28 ,-0.52 ,2.48
442,10.1,4464.2 ,-0.78 ,-0.43 ,0.22 ,-0.99 ,2.01
443,10.1,4474.3 ,-1.00 ,-0.32 ,0.16 ,-1.16 ,1.84
444,10.1,4484.4 ,-0.83 ,-0.19 ,0.10 ,-0.93 ,2.07
445,10.1,4494.5 ,-0.34 ,-0.07 ,0.03 ,-0.37 ,2.63
446,10.1,4504.6 ,0.29 ,0.06 ,-0.03 ,0.31 ,3.31
447,10.1,4514.7 ,0.80 ,0.18 ,-0.09 ,0.89 ,3.89
448,10.1,4524.8 ,1.00 ,0.31 ,-0.16 ,1.15 ,4.15
449,10.1,4534.9 ,0.81 ,0.42 ,-0.22 ,1.02 ,4.02
450,10.1,4545.0 ,0.31 ,0.54 ,-0.28 ,0.57 ,3.57
451,10.1,4555.1 ,-0.31 ,0.64 ,-0.34 ,-0.02 ,2.98
452,10.1,4565.2 ,-0.82 ,0.73 ,-0.40 ,-0.48 ,2.52
453,10.1,4575.3 ,-1.00 ,0.81 ,-0.46 ,-0.64 ,2.36
454,10.1,4585.4 ,-0.79 ,0.88 ,-0.51 ,-0.43 ,2.57
455,10.1,4595.5 ,-0.28 ,0.93 ,-0.56 ,0.09 ,3.09
456,10.1,4605.6 ,0.34 ,0.97 ,-0.62 ,0.70 ,3.70
457,10.1,4615.7 ,0.83 ,0.99 ,-0.66 ,1.16 ,4.16
458,10.1,4625.8 ,1.00 ,1.00 ,-0.71 ,1.29 ,4.29
459,10.1,4635.9 ,0.77 ,0.99 ,-0.75 ,1.01 ,4.01
460,10.1,4646.0 ,0.25 ,0.97 ,-0.79 ,0.42 ,3.42
461,10.1,4656.1 ,-0.37 ,0.92 ,-0.83 ,-0.28 ,2.72
462,10.1,4666.2 ,-0.85 ,0.87 ,-0.86 ,-0.85 ,2.15
463,10.1,4676.3 ,-1.00 ,0.80 ,-0.89 ,-1.09 ,1.91
464,10.1,4686.4 ,-0.75 ,0.72 ,-0.92 ,-0.96 ,2.04
465,10.1,4696.5 ,-0.22 ,0.62 ,-0.94 ,-0.54 ,2.46
466,10.1,4706.6 ,0.40 ,0.52 ,-0.96 ,-0.04 ,2.96
467,10.1,4716.7 ,0.87 ,0.41 ,-0.98 ,0.30 ,3.30
468,10.1,4726.8 ,0.99 ,0.29 ,-0.99 ,0.29 ,3.29
469,10.1,4736.9 ,0.73 ,0.16 ,-1.00 ,-0.10 ,2.90
470,10.1,4747.0 ,0.19 ,0.04 ,-1.00 ,-0.77 ,2.23
471,10.1,4757.1 ,-0.43 ,-0.09 ,-1.00 ,-1.52 ,1.48
472,10.1,4767.2 ,-0.88 ,-0.21 ,-0.99 ,-2.09 ,0.91
473,10.1,4777.3 ,-0.99 ,-0.34 ,-0.99 ,-2.31 ,0.69
474,10.1,4787.4 ,-0.71 ,-0.45 ,-0.97 ,-2.14 ,0.86
475,10.1,4797.5 ,-0.16 ,-0.56 ,-0.96 ,-1.67 ,1.33
476,10.1,4807.6 ,0.46 ,-0.66 ,-0.94 ,-1.14 ,1.86
477,10.1,4817.7 ,0.90 ,-0.75 ,-0.91 ,-0.77 ,2.23
478,10.1,4827.8 ,0.98 ,-0.83 ,-0.88 ,-0.73 ,2.27
479,10.1,4837.9 ,0.69 ,-0.89 ,-0.85 ,-1.06 ,1.94
480,10.1,4848.0 ,0.13 ,-0.94 ,-0.82 ,-1.63 ,1.37
481,10.1,4858.1 ,-0.49 ,-0.98 ,-0.78 ,-2.24 ,0.76
482,10.1,4868.2 ,-0.91 ,-1.00 ,-0.74 ,-2.64 ,0.36
483,10.1,4878.3 ,-0.98 ,-1.00 ,-0.69 ,-2.67 ,0.33
484,10.1,4888.4 ,-0.67 ,-0.99 ,-0.65 ,-2.30 ,0.70
485,10.1,4898.5 ,-0.09 ,-0.96 ,-0.60 ,-1.65 ,1.35
486,10.1,4908.6 ,0.51 ,-0.91 ,-0.54 ,-0.94 ,2.06
487,10.1,4918.7 ,0.92 ,-0.85 ,-0.49 ,-0.42 ,2.58
488,10.1,4928.8 ,0.97 ,-0.78 ,-0.43 ,-0.24 ,2.76
489,10.1,4938.9 ,0.64 ,-0.69 ,-0.37 ,-0.43 ,2.57
490,10.1,4949.0 ,0.06 ,-0.60 ,-0.31 ,-0.85 ,2.15
491,10.1,4959.1 ,-0.54 ,-0.49 ,-0.25 ,-1.29 ,1.71
492,10.1,4969.2 ,-0.93 ,-0.38 ,-0.19 ,-1.50 ,1.50
493,10.1,4979.3 ,-0.96 ,-0.26 ,-0.13 ,-1.35 ,1.65
494,10.1,4989.4 ,-0.62 ,-0.13 ,-0.07 ,-0.82 ,2.18
495,10.1,4999.5 ,-0.03 ,-0.01 ,0.00 ,-0.04 ,2.96
496,10.1,5009.6 ,0.57 ,0.12 ,0.06 ,0.75 ,3.75
497,10.1,5019.7 ,0.95 ,0.25 ,0.12 ,1.31 ,4.31
498,10.1,5029.8 ,0.95 ,0.37 ,0.19 ,1.51 ,4.51
499,10.1,5039.9 ,0.59 ,0.48 ,0.25 ,1.32 ,4.32
500,10.1,5050.0 ,0.00 ,0.59 ,0.31 ,0.90 ,3.90
501,10.1,5060.1 ,-0.59 ,0.69 ,0.37 ,0.46 ,3.46
502,10.1,5070.2 ,-0.95 ,0.77 ,0.43 ,0.24 ,3.24
503,10.1,5080.3 ,-0.95 ,0.85 ,0.48 ,0.38 ,3.38
504,10.1,5090.4 ,-0.57 ,0.91 ,0.54 ,0.88 ,3.88
505,10.1,5100.5 ,0.03 ,0.95 ,0.59 ,1.57 ,4.57
506,10.1,5110.6 ,0.62 ,0.98 ,0.64 ,2.24 ,5.24
507,10.1,5120.7 ,0.96 ,1.00 ,0.69 ,2.65 ,5.65
508,10.1,5130.8 ,0.93 ,1.00 ,0.73 ,2.66 ,5.66
509,10.1,5140.9 ,0.54 ,0.98 ,0.77 ,2.30 ,5.30
510,10.1,5151.0 ,-0.06 ,0.95 ,0.81 ,1.70 ,4.70
511,10.1,5161.1 ,-0.64 ,0.90 ,0.85 ,1.10 ,4.10
512,10.1,5171.2 ,-0.97 ,0.84 ,0.88 ,0.74 ,3.74
513,10.1,5181.3 ,-0.92 ,0.76 ,0.91 ,0.75 ,3.75
514,10.1,5191.4 ,-0.51 ,0.67 ,0.93 ,1.09 ,4.09
515,10.1,5201.5 ,0.09 ,0.57 ,0.95 ,1.62 ,4.62
516,10.1,5211.6 ,0.67 ,0.46 ,0.97 ,2.10 ,5.10
517,10.1,5221.7 ,0.98 ,0.35 ,0.98 ,2.31 ,5.31
518,10.1,5231.8 ,0.91 ,0.23 ,0.99 ,2.13 ,5.13
519,10.1,5241.9 ,0.49 ,0.10 ,1.00 ,1.59 ,4.59
520,10.1,5252.0 ,-0.13 ,-0.03 ,1.00 ,0.85 ,3.85
521,10.1,5262.1 ,-0.69 ,-0.15 ,1.00 ,0.16 ,3.16
522,10.1,5272.2 ,-0.98 ,-0.28 ,0.99 ,-0.27 ,2.73
523,10.1,5282.3 ,-0.90 ,-0.39 ,0.98 ,-0.31 ,2.69
524,10.1,5292.4 ,-0.46 ,-0.51 ,0.96 ,0.00 ,3.00
525,10.1,5302.5 ,0.16 ,-0.61 ,0.95 ,0.49 ,3.49
526,10.1,5312.6 ,0.71 ,-0.71 ,0.92 ,0.93 ,3.93
527,10.1,5322.7 ,0.99 ,-0.79 ,0.90 ,1.10 ,4.10
528,10.1,5332.8 ,0.88 ,-0.86 ,0.87 ,0.89 ,3.89
529,10.1,5342.9 ,0.43 ,-0.92 ,0.83 ,0.35 ,3.35
530,10.1,5353.0 ,-0.19 ,-0.96 ,0.80 ,-0.35 ,2.65
531,10.1,5363.1 ,-0.73 ,-0.99 ,0.76 ,-0.96 ,2.04
532,10.1,5373.2 ,-0.99 ,-1.00 ,0.72 ,-1.28 ,1.72
533,10.1,5383.3 ,-0.87 ,-0.99 ,0.67 ,-1.19 ,1.81
534,10.1,5393.4 ,-0.40 ,-0.97 ,0.62 ,-0.76 ,2.24
535,10.1,5403.5 ,0.22 ,-0.94 ,0.57 ,-0.15 ,2.85
536,10.1,5413.6 ,0.75 ,-0.88 ,0.52 ,0.39 ,3.39
537,10.1,5423.7 ,1.00 ,-0.82 ,0.46 ,0.64 ,3.64
538,10.1,5433.8 ,0.85 ,-0.74 ,0.40 ,0.52 ,3.52
539,10.1,5443.9 ,0.37 ,-0.65 ,0.35 ,0.07 ,3.07
540,10.1,5454.0 ,-0.25 ,-0.55 ,0.29 ,-0.51 ,2.49
541,10.1,5464.1 ,-0.77 ,-0.44 ,0.22 ,-0.99 ,2.01
542,10.1,5474.2 ,-1.00 ,-0.32 ,0.16 ,-1.16 ,1.84
543,10.1,5484.3 ,-0.83 ,-0.20 ,0.10 ,-0.93 ,2.07
544,10.1,5494.4 ,-0.34 ,-0.07 ,0.04 ,-0.38 ,2.62
545,10.1,5504.5 ,0.28 ,0.06 ,-0.03 ,0.31 ,3.31
546,10.1,5514.6 ,0.79 ,0.18 ,-0.09 ,0.88 ,3.88
547,10.1,5524.7 ,1.00 ,0.31 ,-0.15 ,1.15 ,4.15
548,10.1,5534.8 ,0.82 ,0.42 ,-0.22 ,1.02 ,4.02
549,10.1,5544.9 ,0.31 ,0.53 ,-0.28 ,0.57 ,3.57
550,10.1,5555.0 ,-0.31 ,0.64 ,-0.34 ,-0.01 ,2.99
551,10.1,5565.1 ,-0.81 ,0.73 ,-0.40 ,-0.48 ,2.52
552,10.1,5575.2 ,-1.00 ,0.81 ,-0.46 ,-0.64 ,2.36
553,10.1,5585.3 ,-0.80 ,0.88 ,-0.51 ,-0.43 ,2.57
554,10.1,5595.4 ,-0.29 ,0.93 ,-0.56 ,0.08 ,3.08
555,10.1,5605.5 ,0.34 ,0.97 ,-0.62 ,0.69 ,3.69
556,10.1,5615.6 ,0.83 ,0.99 ,-0.66 ,1.16 ,4.16
557,10.1,5625.7 ,1.00 ,1.00 ,-0.71 ,1.29 ,4.29
558,10.1,5635.8 ,0.78 ,0.99 ,-0.75 ,1.02 ,4.02
559,10.1,5645.9 ,0.25 ,0.97 ,-0.79 ,0.43 ,3.43
560,10.1,5656.0 ,-0.37 ,0.93 ,-0.83 ,-0.27 ,2.73
561,10.1,5666.1 ,-0.85 ,0.87 ,-0.86 ,-0.84 ,2.16
562,10.1,5676.2 ,-1.00 ,0.80 ,-0.89 ,-1.09 ,1.91
563,10.1,5686.3 ,-0.76 ,0.72 ,-0.92 ,-0.96 ,2.04
564,10.1,5696.4 ,-0.22 ,0.62 ,-0.94 ,-0.54 ,2.46
565,10.1,5706.5 ,0.40 ,0.52 ,-0.96 ,-0.05 ,2.95
566,10.1,5716.6 ,0.86 ,0.41 ,-0.98 ,0.29 ,3.29
567,10.1,5726.7 ,0.99 ,0.29 ,-0.99 ,0.29 ,3.29
568,10.1,5736.8 ,0.74 ,0.17 ,-1.00 ,-0.09 ,2.91
569,10.1,5746.9 ,0.19 ,0.04 ,-1.00 ,-0.77 ,2.23
570,10.1,5757.0 ,-0.43 ,-0.09 ,-1.00 ,-1.51 ,1.49
571,10.1,5767.1 ,-0.88 ,-0.21 ,-0.99 ,-2.09 ,0.91
572,10.1,5777.2 ,-0.99 ,-0.34 ,-0.99 ,-2.31 ,0.69
573,10.1,5787.3 ,-0.72 ,-0.45 ,-0.97 ,-2.14 ,0.86
574,10.1,5797.4 ,-0.16 ,-0.56 ,-0.96 ,-1.68 ,1.32
575,10.1,5807.5 ,0.45 ,-0.66 ,-0.94 ,-1.14 ,1.86
576,10.1,5817.6 ,0.89 ,-0.75 ,-0.91 ,-0.77 ,2.23
577,10.1,5827.7 ,0.99 ,-0.83 ,-0.88 ,-0.73 ,2.27
578,10.1,5837.8 ,0.69 ,-0.89 ,-0.85 ,-1.05 ,1.95
579,10.1,5847.9 ,0.13 ,-0.94 ,-0.82 ,-1.63 ,1.37
580,10.1,5858.0 ,-0.48 ,-0.98 ,-0.78 ,-2.24 ,0.76
581,10.1,5868.1 ,-0.91 ,-1.00 ,-0.74 ,-2.64 ,0.36
582,10.1,5878.2 ,-0.98 ,-1.00 ,-0.69 ,-2.67 ,0.33
583,10.1,5888.3 ,-0.67 ,-0.99 ,-0.65 ,-2.30 ,0.70
584,10.1,5898.4 ,-0.10 ,-0.96 ,-0.60 ,-1.65 ,1.35
585,10.1,5908.5 ,0.51 ,-0.91 ,-0.54 ,-0.95 ,2.05
586,10.1,5918.6 ,0.92 ,-0.85 ,-0.49 ,-0.42 ,2.58
587,10.1,5928.7 ,0.97 ,-0.78 ,-0.43 ,-0.24 ,2.76
588,10.1,5938.8 ,0.65 ,-0.70 ,-0.38 ,-0.42 ,2.58
589,10.1,5948.9 ,0.07 ,-0.60 ,-0.32 ,-0.85 ,2.15
590,10.1,5959.0 ,-0.54 ,-0.49 ,-0.25 ,-1.28 ,1.72
591,10.1,5969.1 ,-0.93 ,-0.38 ,-0.19 ,-1.50 ,1.50
592,10.1,5979.2 ,-0.97 ,-0.26 ,-0.13 ,-1.35 ,1.65
593,10.1,5989.3 ,-0.62 ,-0.13 ,-0.07 ,-0.82 ,2.18
594,10.1,5999.4 ,-0.04 ,-0.01 ,0.00 ,-0.05 ,2.95
595,10.1,6009.5 ,0.56 ,0.12 ,0.06 ,0.74 ,3.74
596,10.1,6019.6 ,0.94 ,0.24 ,0.12 ,1.31 ,4.31
597,10.1,6029.7 ,0.96 ,0.36 ,0.19 ,1.51 ,4.51
598,10.1,6039.8 ,0.60 ,0.48 ,0.25 ,1.32 ,4.32
599,10.1,6049.9 ,0.01 ,0.59 ,0.31 ,0.90 ,3.90
600,10.1,6060.0 ,-0.59 ,0.68 ,0.37 ,0.46 ,3.46
601,10.1,6070.1 ,-0.95 ,0.77 ,0.43 ,0.24 ,3.24
602,10.1,6080.2 ,-0.95 ,0.85 ,0.48 ,0.38 ,3.38
603,10.1,6090.3 ,-0.57 ,0.91 ,0.54 ,0.87 ,3.87
604,10.1,6100.4 ,0.03 ,0.95 ,0.59 ,1.57 ,4.57
605,10.1,6110.5 ,0.61 ,0.98 ,0.64 ,2.24 ,5.24
606,10.1,6120.6 ,0.96 ,1.00 ,0.69 ,2.65 ,5.65
607,10.1,6130.7 ,0.94 ,1.00 ,0.73 ,2.67 ,5.67
608,10.1,6140.8 ,0.55 ,0.98 ,0.77 ,2.30 ,5.30
609,10.1,6150.9 ,-0.06 ,0.95 ,0.81 ,1.70 ,4.70
610,10.1,6161.0 ,-0.64 ,0.90 ,0.85 ,1.11 ,4.11
611,10.1,6171.1 ,-0.97 ,0.84 ,0.88 ,0.75 ,3.75
612,10.1,6181.2 ,-0.93 ,0.76 ,0.91 ,0.74 ,3.74
613,10.1,6191.3 ,-0.52 ,0.67 ,0.93 ,1.09 ,4.09
614,10.1,6201.4 ,0.09 ,0.57 ,0.95 ,1.62 ,4.62
615,10.1,6211.5 ,0.66 ,0.47 ,0.97 ,2.10 ,5.10
616,10.1,6221.6 ,0.98 ,0.35 ,0.98 ,2.31 ,5.31
617,10.1,6231.7 ,0.91 ,0.23 ,0.99 ,2.13 ,5.13
618,10.1,6241.8 ,0.49 ,0.10 ,1.00 ,1.59 ,4.59
619,10.1,6251.9 ,-0.12 ,-0.02 ,1.00 ,0.86 ,3.86
620,10.1,6262.0 ,-0.68 ,-0.15 ,1.00 ,0.16 ,3.16
621,10.1,6272.1 ,-0.98 ,-0.27 ,0.99 ,-0.27 ,2.73
622,10.1,6282.2 ,-0.90 ,-0.39 ,0.98 ,-0.31 ,2.69
623,10.1,6292.3 ,-0.47 ,-0.51 ,0.96 ,-0.01 ,2.99
624,10.1,6302.4 ,0.15 ,-0.61 ,0.95 ,0.48 ,3.48
625,10.1,6312.5 ,0.71 ,-0.71 ,0.92 ,0.92 ,3.92
626,10.1,6322.6 ,0.99 ,-0.79 ,0.90 ,1.10 ,4.10
627,10.1,6332.7 ,0.89 ,-0.86 ,0.87 ,0.89 ,3.89
628,10.1,6342.8 ,0.44 ,-0.92 ,0.83 ,0.35 ,3.35
629,10.1,6352.9 ,-0.18 ,-0.96 ,0.80 ,-0.34 ,2.66
630,10.1,6363.0 ,-0.73 ,-0.99 ,0.76 ,-0.96 ,2.04
631,10.1,6373.1 ,-0.99 ,-1.00 ,0.72 ,-1.28 ,1.72
632,10.1,6383.2 ,-0.87 ,-0.99 ,0.67 ,-1.20 ,1.80
633,10.1,6393.3 ,-0.41 ,-0.97 ,0.62 ,-0.76 ,2.24
634,10.1,6403.4 ,0.21 ,-0.94 ,0.57 ,-0.15 ,2.85
635,10.1,6413.5 ,0.75 ,-0.89 ,0.52 ,0.38 ,3.38
636,10.1,6423.6 ,1.00 ,-0.82 ,0.46 ,0.64 ,3.64
637,10.1,6433.7 ,0.85 ,-0.74 ,0.40 ,0.52 ,3.52
638,10.1,6443.8 ,0.38 ,-0.65 ,0.35 ,0.08 ,3.08
639,10.1,6453.9 ,-0.24 ,-0.55 ,0.29 ,-0.50 ,2.50
640,10.1,6464.0 ,-0.77 ,-0.44 ,0.22 ,-0.98 ,2.02
641,10.1,6474.1 ,-1.00 ,-0.32 ,0.16 ,-1.16 ,1.84
642,10.1,6484.2 ,-0.84 ,-0.20 ,0.10 ,-0.94 ,2.06
643,10.1,6494.3 ,-0.35 ,-0.07 ,0.04 ,-0.39 ,2.61
644,10.1,6504.4 ,0.27 ,0.06 ,-0.03 ,0.30 ,3.30
645,10.1,6514.5 ,0.79 ,0.18 ,-0.09 ,0.88 ,3.88
646,10.1,6524.6 ,1.00 ,0.30 ,-0.15 ,1.15 ,4.15
647,10.1,6534.7 ,0.82 ,0.42 ,-0.22 ,1.03 ,4.03
648,10.1,6544.8 ,0.32 ,0.53 ,-0.28 ,0.58 ,3.58
649,10.1,6554.9 ,-0.30 ,0.64 ,-0.34 ,0.00 ,3.00
650,10.1,6565.0 ,-0.81 ,0.73 ,-0.40 ,-0.48 ,2.52
651,10.1,6575.1 ,-1.00 ,0.81 ,-0.45 ,-0.64 ,2.36
652,10.1,6585.2 ,-0.80 ,0.88 ,-0.51 ,-0.43 ,2.57
653,10.1,6595.3 ,-0.29 ,0.93 ,-0.56 ,0.08 ,3.08
654,10.1,6605.4 ,0.33 ,0.97 ,-0.61 ,0.69 ,3.69
655,10.1,6615.5 ,0.83 ,0.99 ,-0.66 ,1.16 ,4.16
656,10.1,6625.6 ,1.00 ,1.00 ,-0.71 ,1.29 ,4.29
657,10.1,6635.7 ,0.78 ,0.99 ,-0.75 ,1.02 ,4.02
658,10.1,6645.8 ,0.26 ,0.97 ,-0.79 ,0.43 ,3.43
659,10.1,6655.9 ,-0.36 ,0.93 ,-0.83 ,-0.27 ,2.73
660,10.1,6666.0 ,-0.84 ,0.87 ,-0.86 ,-0.84 ,2.16
661,10.1,6676.1 ,-1.00 ,0.80 ,-0.89 ,-1.09 ,1.91
662,10.1,6686.2 ,-0.76 ,0.72 ,-0.92 ,-0.96 ,2.04
663,10.1,6696.3 ,-0.23 ,0.62 ,-0.94 ,-0.55 ,2.45
664,10.1,6706.4 ,0.39 ,0.52 ,-0.96 ,-0.05 ,2.95
665,10.1,6716.5 ,0.86 ,0.41 ,-0.98 ,0.29 ,3.29
666,10.1,6726.6 ,0.99 ,0.29 ,-0.99 ,0.30 ,3.30
667,10.1,6736.7 ,0.74 ,0.17 ,-1.00 ,-0.09 ,2.91
668,10.1,6746.8 ,0.20 ,0.04 ,-1.00 ,-0.76 ,2.24
669,10.1,6756.9 ,-0.42 ,-0.09 ,-1.00 ,-1.51 ,1.49
670,10.1,6767.0 ,-0.88 ,-0.21 ,-0.99 ,-2.08 ,0.92
671,10.1,6777.1 ,-0.99 ,-0.33 ,-0.99 ,-2.31 ,0.69
672,10.1,6787.2 ,-0.72 ,-0.45 ,-0.97 ,-2.14 ,0.86
673,10.1,6797.3 ,-0.17 ,-0.56 ,-0.96 ,-1.68 ,1.32
674,10.1,6807.4 ,0.45 ,-0.66 ,-0.94 ,-1.15 ,1.85
675,10.1,6817.5 ,0.89 ,-0.75 ,-0.91 ,-0.77 ,2.23
676,10.1,6827.6 ,0.99 ,-0.83 ,-0.88 ,-0.72 ,2.28
677,10.1,6837.7 ,0.70 ,-0.89 ,-0.85 ,-1.05 ,1.95
678,10.1,6847.8 ,0.14 ,-0.94 ,-0.82 ,-1.62 ,1.38
679,10.1,6857.9 ,-0.48 ,-0.98 ,-0.78 ,-2.23 ,0.77
680,10.1,6868.0 ,-0.90 ,-1.00 ,-0.74 ,-2.64 ,0.36
681,10.1,6878.1 ,-0.98 ,-1.00 ,-0.69 ,-2.67 ,0.33
682,10.1,6888.2 ,-0.68 ,-0.99 ,-0.65 ,-2.31 ,0.69
683,10.1,6898.3 ,-0.11 ,-0.96 ,-0.60 ,-1.66 ,1.34
684,10.1,6908.4 ,0.50 ,-0.91 ,-0.54 ,-0.95 ,2.05
685,10.1,6918.5 ,0.92 ,-0.85 ,-0.49 ,-0.43 ,2.57
686,10.1,6928.6 ,0.97 ,-0.78 ,-0.43 ,-0.24 ,2.76
687,10.1,6938.7 ,0.65 ,-0.70 ,-0.38 ,-0.42 ,2.58
688,10.1,6948.8 ,0.08 ,-0.60 ,-0.32 ,-0.84 ,2.16
689,10.1,6958.9 ,-0.53 ,-0.49 ,-0.26 ,-1.28 ,1.72
690,10.1,6969.0 ,-0.93 ,-0.38 ,-0.19 ,-1.50 ,1.50
691,10.1,6979.1 ,-0.97 ,-0.26 ,-0.13 ,-1.36 ,1.64
692,10.1,6989.2 ,-0.63 ,-0.14 ,-0.07 ,-0.83 ,2.17
693,10.1,6999.3 ,-0.04 ,-0.01 ,0.00 ,-0.06 ,2.94
694,10.1,7009.4 ,0.56 ,0.12 ,0.06 ,0.73 ,3.73
695,10.1,7019.5 ,0.94 ,0.24 ,0.12 ,1.31 ,4.31
696,10.1,7029.6 ,0.96 ,0.36 ,0.18 ,1.51 ,4.51
697,10.1,7039.7 ,0.60 ,0.48 ,0.25 ,1.33 ,4.33
698,10.1,7049.8 ,0.01 ,0.59 ,0.31 ,0.91 ,3.91
699,10.1,7059.9 ,-0.58 ,0.68 ,0.37 ,0.47 ,3.47
700,10.1,7070.0 ,-0.95 ,0.77 ,0.43 ,0.25 ,3.25
701,10.1,7080.1 ,-0.95 ,0.85 ,0.48 ,0.38 ,3.38
702,10.1,7090.2 ,-0.58 ,0.91 ,0.54 ,0.87 ,3.87
703,10.1,7100.3 ,0.02 ,0.95 ,0.59 ,1.56 ,4.56
704,10.1,7110.4 ,0.61 ,0.98 ,0.64 ,2.23 ,5.23
705,10.1,7120.5 ,0.96 ,1.00 ,0.69 ,2.65 ,5.65
706,10.1,7130.6 ,0.94 ,1.00 ,0.73 ,2.67 ,5.67
707,10.1,7140.7 ,0.55 ,0.98 ,0.77 ,2.31 ,5.31
708,10.1,7150.8 ,-0.05 ,0.95 ,0.81 ,1.71 ,4.71
709,10.1,7160.9 ,-0.63 ,0.90 ,0.85 ,1.11 ,4.11
710,10.1,7171.0 ,-0.97 ,0.84 ,0.88 ,0.75 ,3.75
711,10.1,7181.1 ,-0.93 ,0.76 ,0.91 ,0.74 ,3.74
712,10.1,7191.2 ,-0.53 ,0.67 ,0.93 ,1.08 ,4.08
713,10.1,7201.3 ,0.08 ,0.57 ,0.95 ,1.61 ,4.61
714,10.1,7211.4 ,0.66 ,0.47 ,0.97 ,2.09 ,5.09
715,10.1,7221.5 ,0.98 ,0.35 ,0.98 ,2.31 ,5.31
716,10.1,7231.6 ,0.92 ,0.23 ,0.99 ,2.14 ,5.14
717,10.1,7241.7 ,0.50 ,0.10 ,1.00 ,1.60 ,4.60
718,10.1,7251.8 ,-0.11 ,-0.02 ,1.00 ,0.86 ,3.86
719,10.1,7261.9 ,-0.68 ,-0.15 ,1.00 ,0.17 ,3.17
720,10.1,7272.0 ,-0.98 ,-0.27 ,0.99 ,-0.26 ,2.74
721,10.1,7282.1 ,-0.90 ,-0.39 ,0.98 ,-0.31 ,2.69
722,10.1,7292.2 ,-0.47 ,-0.51 ,0.97 ,-0.01 ,2.99
723,10.1,7302.3 ,0.14 ,-0.61 ,0.95 ,0.48 ,3.48
724,10.1,7312.4 ,0.70 ,-0.71 ,0.92 ,0.92 ,3.92
725,10.1,7322.5 ,0.99 ,-0.79 ,0.90 ,1.10 ,4.10
726,10.1,7332.6 ,0.89 ,-0.86 ,0.87 ,0.90 ,3.90
727,10.1,7342.7 ,0.44 ,-0.92 ,0.84 ,0.36 ,3.36
728,10.1,7352.8 ,-0.18 ,-0.96 ,0.80 ,-0.34 ,2.66
729,10.1,7362.9 ,-0.72 ,-0.99 ,0.76 ,-0.95 ,2.05
730,10.1,7373.0 ,-0.99 ,-1.00 ,0.72 ,-1.28 ,1.72
731,10.1,7383.1 ,-0.87 ,-0.99 ,0.67 ,-1.20 ,1.80
732,10.1,7393.2 ,-0.41 ,-0.97 ,0.62 ,-0.77 ,2.23
733,10.1,7403.3 ,0.21 ,-0.94 ,0.57 ,-0.16 ,2.84
734,10.1,7413.4 ,0.75 ,-0.89 ,0.52 ,0.38 ,3.38
735,10.1,7423.5 ,1.00 ,-0.82 ,0.46 ,0.64 ,3.64
736,10.1,7433.6 ,0.86 ,-0.74 ,0.41 ,0.52 ,3.52
737,10.1,7443.7 ,0.39 ,-0.65 ,0.35 ,0.08 ,3.08
738,10.1,7453.8 ,-0.24 ,-0.55 ,0.29 ,-0.50 ,2.50
739,10.1,7463.9 ,-0.77 ,-0.44 ,0.22 ,-0.98 ,2.02
740,10.1,7474.0 ,-1.00 ,-0.32 ,0.16 ,-1.16 ,1.84
741,10.1,7484.1 ,-0.84 ,-0.20 ,0.10 ,-0.94 ,2.06
742,10.1,7494.2 ,-0.36 ,-0.07 ,0.04 ,-0.39 ,2.61
743,10.1,7504.3 ,0.27 ,0.05 ,-0.03 ,0.29 ,3.29
744,10.1,7514.4 ,0.79 ,0.18 ,-0.09 ,0.88 ,3.88
745,10.1,7524.5 ,1.00 ,0.30 ,-0.15 ,1.15 ,4.15
746,10.1,7534.6 ,0.82 ,0.42 ,-0.22 ,1.03 ,4.03
747,10.1,7544.7 ,0.33 ,0.53 ,-0.28 ,0.58 ,3.58
748,10.1,7554.8 ,-0.30 ,0.64 ,-0.34 ,0.00 ,3.00
749,10.1,7564.9 ,-0.81 ,0.73 ,-0.40 ,-0.47 ,2.53
750,10.1,7575.0 ,-1.00 ,0.81 ,-0.45 ,-0.64 ,2.36
751,10.1,7585.1 ,-0.81 ,0.88 ,-0.51 ,-0.44 ,2.56
752,10.1,7595.2 ,-0.30 ,0.93 ,-0.56 ,0.07 ,3.07
753,10.1,7605.3 ,0.33 ,0.97 ,-0.61 ,0.68 ,3.68
754,10.1,7615.4 ,0.82 ,0.99 ,-0.66 ,1.15 ,4.15
755,10.1,7625.5 ,1.00 ,1.00 ,-0.71 ,1.29 ,4.29
756,10.1,7635.6 ,0.79 ,0.99 ,-0.75 ,1.02 ,4.02
757,10.1,7645.7 ,0.27 ,0.97 ,-0.79 ,0.44 ,3.44
758,10.1,7655.8 ,-0.36 ,0.93 ,-0.83 ,-0.26 ,2.74
759,10.1,7665.9 ,-0.84 ,0.87 ,-0.86 ,-0.83 ,2.17
760,10.1,7676.0 ,-1.00 ,0.80 ,-0.89 ,-1.09 ,1.91
761,10.1,7686.1 ,-0.77 ,0.72 ,-0.92 ,-0.97 ,2.03
762,10.1,7696.2 ,-0.24 ,0.63 ,-0.94 ,-0.55 ,2.45
763,10.1,7706.3 ,0.39 ,0.52 ,-0.96 ,-0.05 ,2.95
764,10.1,7716.4 ,0.86 ,0.41 ,-0.98 ,0.29 ,3.29
765,10.1,7726.5 ,1.00 ,0.29 ,-0.99 ,0.30 ,3.30
766,10.1,7736.6 ,0.75 ,0.17 ,-1.00 ,-0.08 ,2.92
767,10.1,7746.7 ,0.21 ,0.04 ,-1.00 ,-0.75 ,2.25
768,10.1,7756.8 ,-0.41 ,-0.09 ,-1.00 ,-1.50 ,1.50
769,10.1,7766.9 ,-0.87 ,-0.21 ,-0.99 ,-2.08 ,0.92
770,10.1,7777.0 ,-0.99 ,-0.33 ,-0.99 ,-2.31 ,0.69
771,10.1,7787.1 ,-0.72 ,-0.45 ,-0.97 ,-2.15 ,0.85
772,10.1,7797.2 ,-0.18 ,-0.56 ,-0.96 ,-1.69 ,1.31
773,10.1,7807.3 ,0.44 ,-0.66 ,-0.94 ,-1.15 ,1.85
774,10.1,7817.4 ,0.89 ,-0.75 ,-0.91 ,-0.77 ,2.23
775,10.1,7827.5 ,0.99 ,-0.83 ,-0.88 ,-0.72 ,2.28
776,10.1,7837.6 ,0.70 ,-0.89 ,-0.85 ,-1.04 ,1.96
777,10.1,7847.7 ,0.14 ,-0.94 ,-0.82 ,-1.62 ,1.38
778,10.1,7857.8 ,-0.47 ,-0.98 ,-0.78 ,-2.23 ,0.77
779,10.1,7867.9 ,-0.90 ,-1.00 ,-0.74 ,-2.64 ,0.36
780,10.1,7878.0 ,-0.98 ,-1.00 ,-0.69 ,-2.68 ,0.32
781,10.1,7888.1 ,-0.68 ,-0.99 ,-0.65 ,-2.31 ,0.69
782,10.1,7898.2 ,-0.11 ,-0.96 ,-0.60 ,-1.67 ,1.33
783,10.1,7908.3 ,0.50 ,-0.91 ,-0.54 ,-0.96 ,2.04
784,10.1,7918.4 ,0.92 ,-0.85 ,-0.49 ,-0.43 ,2.57
785,10.1,7928.5 ,0.98 ,-0.78 ,-0.43 ,-0.24 ,2.76
786,10.1,7938.6 ,0.66 ,-0.70 ,-0.38 ,-0.42 ,2.58
787,10.1,7948.7 ,0.08 ,-0.60 ,-0.32 ,-0.84 ,2.16
788,10.1,7958.8 ,-0.53 ,-0.49 ,-0.26 ,-1.28 ,1.72
789,10.1,7968.9 ,-0.93 ,-0.38 ,-0.19 ,-1.50 ,1.50
790,10.1,7979.0 ,-0.97 ,-0.26 ,-0.13 ,-1.36 ,1.64
791,10.1,7989.1 ,-0.63 ,-0.14 ,-0.07 ,-0.84 ,2.16
792,10.1,7999.2 ,-0.05 ,-0.01 ,-0.01 ,-0.07 ,2.93
793,10.1,8009.3 ,0.55 ,0.12 ,0.06 ,0.73 ,3.73
794,10.1,8019.4 ,0.94 ,0.24 ,0.12 ,1.30 ,4.30
795,10.1,8029.5 ,0.96 ,0.36 ,0.18 ,1.51 ,4.51
796,10.1,8039.6 ,0.61 ,0.48 ,0.25 ,1.33 ,4.33
797,10.1,8049.7 ,0.02 ,0.58 ,0.31 ,0.91 ,3.91
798,10.1,8059.8 ,-0.58 ,0.68 ,0.37 ,0.47 ,3.47
799,10.1,8069.9 ,-0.95 ,0.77 ,0.43 ,0.25 ,3.25
800,10.1,8080.0 ,-0.95 ,0.84 ,0.48 ,0.38 ,3.38
801,10.1,8090.1 ,-0.58 ,0.91 ,0.54 ,0.86 ,3.86
802,10.1,8100.2 ,0.01 ,0.95 ,0.59 ,1.55 ,4.55
803,10.1,8110.3 ,0.60 ,0.98 ,0.64 ,2.22 ,5.22
804,10.1,8120.4 ,0.96 ,1.00 ,0.69 ,2.64 ,5.64
805,10.1,8130.5 ,0.94 ,1.00 ,0.73 ,2.67 ,5.67
806,10.1,8140.6 ,0.56 ,0.98 ,0.77 ,2.31 ,5.31
807,10.1,8150.7 ,-0.04 ,0.95 ,0.81 ,1.72 ,4.72
808,10.1,8160.8 ,-0.63 ,0.90 ,0.85 ,1.12 ,4.12
809,10.1,8170.9 ,-0.97 ,0.84 ,0.88 ,0.75 ,3.75
810,10.1,8181.0 ,-0.93 ,0.76 ,0.91 ,0.74 ,3.74
811,10.1,8191.1 ,-0.53 ,0.67 ,0.93 ,1.08 ,4.08
812,10.1,8201.2 ,0.08 ,0.58 ,0.95 ,1.60 ,4.60
813,10.1,8211.3 ,0.65 ,0.47 ,0.97 ,2.09 ,5.09
814,10.1,8221.4 ,0.97 ,0.35 ,0.98 ,2.31 ,5.31
815,10.1,8231.5 ,0.92 ,0.23 ,0.99 ,2.14 ,5.14
816,10.1,8241.6 ,0.50 ,0.11 ,1.00 ,1.61 ,4.61
817,10.1,8251.7 ,-0.11 ,-0.02 ,1.00 ,0.87 ,3.87
818,10.1,8261.8 ,-0.68 ,-0.15 ,1.00 ,0.17 ,3.17
819,10.1,8271.9 ,-0.98 ,-0.27 ,0.99 ,-0.26 ,2.74
820,10.1,8282.0 ,-0.90 ,-0.39 ,0.98 ,-0.32 ,2.68
821,10.1,8292.1 ,-0.48 ,-0.50 ,0.97 ,-0.02 ,2.98
822,10.1,8302.2 ,0.14 ,-0.61 ,0.95 ,0.47 ,3.47
823,10.1,8312.3 ,0.70 ,-0.71 ,0.92 ,0.92 ,3.92
824,10.1,8322.4 ,0.99 ,-0.79 ,0.90 ,1.10 ,4.10
825,10.1,8332.5 ,0.89 ,-0.86 ,0.87 ,0.90 ,3.90
826,10.1,8342.6 ,0.45 ,-0.92 ,0.84 ,0.37 ,3.37
827,10.1,8352.7 ,-0.17 ,-0.96 ,0.80 ,-0.33 ,2.67
828,10.1,8362.8 ,-0.72 ,-0.99 ,0.76 ,-0.95 ,2.05
829,10.1,8372.9 ,-0.99 ,-1.00 ,0.72 ,-1.27 ,1.73
830,10.1,8383.0 ,-0.88 ,-0.99 ,0.67 ,-1.20 ,1.80
831,10.1,8393.1 ,-0.42 ,-0.97 ,0.62 ,-0.77 ,2.23
832,10.1,8403.2 ,0.20 ,-0.94 ,0.57 ,-0.17 ,2.83
833,10.1,8413.3 ,0.74 ,-0.89 ,0.52 ,0.37 ,3.37
834,10.1,8423.4 ,0.99 ,-0.82 ,0.46 ,0.64 ,3.64
835,10.1,8433.5 ,0.86 ,-0.74 ,0.41 ,0.52 ,3.52
836,10.1,8443.6 ,0.39 ,-0.65 ,0.35 ,0.09 ,3.09
837,10.1,8453.7 ,-0.23 ,-0.55 ,0.29 ,-0.49 ,2.51
838,10.1,8463.8 ,-0.76 ,-0.44 ,0.23 ,-0.98 ,2.02
839,10.1,8473.9 ,-1.00 ,-0.32 ,0.16 ,-1.16 ,1.84
840,10.1,8484.0 ,-0.84 ,-0.20 ,0.10 ,-0.94 ,2.06
841,10.1,8494.1 ,-0.36 ,-0.07 ,0.04 ,-0.40 ,2.60
842,10.1,8504.2 ,0.26 ,0.05 ,-0.03 ,0.29 ,3.29
843,10.1,8514.3 ,0.78 ,0.18 ,-0.09 ,0.87 ,3.87
844,10.1,8524.4 ,1.00 ,0.30 ,-0.15 ,1.15 ,4.15
845,10.1,8534.5 ,0.83 ,0.42 ,-0.22 ,1.03 ,4.03
846,10.1,8544.6 ,0.33 ,0.53 ,-0.28 ,0.59 ,3.59
847,10.1,8554.7 ,-0.29 ,0.63 ,-0.34 ,0.01 ,3.01
848,10.1,8564.8 ,-0.80 ,0.73 ,-0.40 ,-0.47 ,2.53
849,10.1,8574.9 ,-1.00 ,0.81 ,-0.45 ,-0.65 ,2.35
850,10.1,8585.0 ,-0.81 ,0.88 ,-0.51 ,-0.44 ,2.56
851,10.1,8595.1 ,-0.30 ,0.93 ,-0.56 ,0.06 ,3.06
852,10.1,8605.2 ,0.32 ,0.97 ,-0.61 ,0.68 ,3.68
853,10.1,8615.3 ,0.82 ,0.99 ,-0.66 ,1.15 ,4.15
854,10.1,8625.4 ,1.00 ,1.00 ,-0.71 ,1.29 ,4.29
855,10.1,8635.5 ,0.79 ,0.99 ,-0.75 ,1.03 ,4.03
856,10.1,8645.6 ,0.27 ,0.97 ,-0.79 ,0.45 ,3.45
857,10.1,8655.7 ,-0.35 ,0.93 ,-0.83 ,-0.25 ,2.75
858,10.1,8665.8 ,-0.84 ,0.87 ,-0.86 ,-0.83 ,2.17
859,10.1,8675.9 ,-1.00 ,0.80 ,-0.89 ,-1.09 ,1.91
860,10.1,8686.0 ,-0.77 ,0.72 ,-0.92 ,-0.97 ,2.03
861,10.1,8696.1 ,-0.24 ,0.63 ,-0.94 ,-0.56 ,2.44
862,10.1,8706.2 ,0.38 ,0.52 ,-0.96 ,-0.06 ,2.94
863,10.1,8716.3 ,0.85 ,0.41 ,-0.98 ,0.29 ,3.29
864,10.1,8726.4 ,1.00 ,0.29 ,-0.99 ,0.30 ,3.30
865,10.1,8736.5 ,0.75 ,0.17 ,-1.00 ,-0.08 ,2.92
866,10.1,8746.6 ,0.21 ,0.04 ,-1.00 ,-0.75 ,2.25
867,10.1,8756.7 ,-0.41 ,-0.08 ,-1.00 ,-1.49 ,1.51
868,10.1,8766.8 ,-0.87 ,-0.21 ,-0.99 ,-2.07 ,0.93
869,10.1,8776.9 ,-0.99 ,-0.33 ,-0.99 ,-2.31 ,0.69
870,10.1,8787.0 ,-0.73 ,-0.45 ,-0.97 ,-2.15 ,0.85
871,10.1,8797.1 ,-0.18 ,-0.56 ,-0.96 ,-1.70 ,1.30
872,10.1,8807.2 ,0.44 ,-0.66 ,-0.94 ,-1.16 ,1.84
873,10.1,8817.3 ,0.89 ,-0.75 ,-0.91 ,-0.78 ,2.22
874,10.1,8827.4 ,0.99 ,-0.83 ,-0.88 ,-0.72 ,2.28
875,10.1,8837.5 ,0.71 ,-0.89 ,-0.85 ,-1.04 ,1.96
876,10.1,8847.6 ,0.15 ,-0.94 ,-0.82 ,-1.61 ,1.39
877,10.1,8857.7 ,-0.47 ,-0.98 ,-0.78 ,-2.22 ,0.78
878,10.1,8867.8 ,-0.90 ,-1.00 ,-0.74 ,-2.63 ,0.37
879,10.1,8877.9 ,-0.98 ,-1.00 ,-0.69 ,-2.68 ,0.32
880,10.1,8888.0 ,-0.68 ,-0.99 ,-0.65 ,-2.32 ,0.68
881,10.1,8898.1 ,-0.12 ,-0.96 ,-0.60 ,-1.67 ,1.33
882,10.1,8908.2 ,0.49 ,-0.91 ,-0.55 ,-0.97 ,2.03
883,10.1,8918.3 ,0.91 ,-0.86 ,-0.49 ,-0.43 ,2.57
884,10.1,8928.4 ,0.98 ,-0.78 ,-0.43 ,-0.24 ,2.76
885,10.1,8938.5 ,0.66 ,-0.70 ,-0.38 ,-0.41 ,2.59
886,10.1,8948.6 ,0.09 ,-0.60 ,-0.32 ,-0.83 ,2.17
887,10.1,8958.7 ,-0.52 ,-0.50 ,-0.26 ,-1.27 ,1.73
888,10.1,8968.8 ,-0.93 ,-0.38 ,-0.19 ,-1.50 ,1.50
889,10.1,8978.9 ,-0.97 ,-0.26 ,-0.13 ,-1.36 ,1.64
890,10.1,8989.0 ,-0.64 ,-0.14 ,-0.07 ,-0.84 ,2.16
891,10.1,8999.1 ,-0.06 ,-0.01 ,-0.01 ,-0.07 ,2.93
892,10.1,9009.2 ,0.55 ,0.12 ,0.06 ,0.72 ,3.72
893,10.1,9019.3 ,0.94 ,0.24 ,0.12 ,1.30 ,4.30
894,10.1,9029.4 ,0.96 ,0.36 ,0.18 ,1.51 ,4.51
895,10.1,9039.5 ,0.61 ,0.48 ,0.25 ,1.33 ,4.33
896,10.1,9049.6 ,0.03 ,0.58 ,0.31 ,0.92 ,3.92
897,10.1,9059.7 ,-0.57 ,0.68 ,0.37 ,0.48 ,3.48
898,10.1,9069.8 ,-0.95 ,0.77 ,0.42 ,0.25 ,3.25
899,10.1,9079.9 ,-0.95 ,0.84 ,0.48 ,0.37 ,3.37
900,10.1,9090.0 ,-0.59 ,0.90 ,0.54 ,0.85 ,3.85
901,10.1,9100.1 ,0.01 ,0.95 ,0.59 ,1.55 ,4.55
902,10.1,9110.2 ,0.60 ,0.98 ,0.64 ,2.22 ,5.22
903,10.1,9120.3 ,0.96 ,1.00 ,0.69 ,2.64 ,5.64
904,10.1,9130.4 ,0.94 ,1.00 ,0.73 ,2.67 ,5.67
905,10.1,9140.5 ,0.56 ,0.98 ,0.77 ,2.32 ,5.32
906,10.1,9150.6 ,-0.04 ,0.95 ,0.81 ,1.72 ,4.72
907,10.1,9160.7 ,-0.62 ,0.90 ,0.85 ,1.12 ,4.12
908,10.1,9170.8 ,-0.97 ,0.84 ,0.88 ,0.75 ,3.75
909,10.1,9180.9 ,-0.93 ,0.76 ,0.91 ,0.74 ,3.74
910,10.1,9191.0 ,-0.54 ,0.68 ,0.93 ,1.07 ,4.07
911,10.1,9201.1 ,0.07 ,0.58 ,0.95 ,1.60 ,4.60
912,10.1,9211.2 ,0.65 ,0.47 ,0.97 ,2.09 ,5.09
913,10.1,9221.3 ,0.97 ,0.35 ,0.98 ,2.31 ,5.31
914,10.1,9231.4 ,0.92 ,0.23 ,0.99 ,2.15 ,5.15
915,10.1,9241.5 ,0.51 ,0.11 ,1.00 ,1.61 ,4.61
916,10.1,9251.6 ,-0.10 ,-0.02 ,1.00 ,0.88 ,3.88
917,10.1,9261.7 ,-0.67 ,-0.15 ,1.00 ,0.18 ,3.18
918,10.1,9271.8 ,-0.98 ,-0.27 ,0.99 ,-0.26 ,2.74
919,10.1,9281.9 ,-0.91 ,-0.39 ,0.98 ,-0.32 ,2.68
920,10.1,9292.0 ,-0.48 ,-0.50 ,0.97 ,-0.02 ,2.98
921,10.1,9302.1 ,0.13 ,-0.61 ,0.95 ,0.47 ,3.47
922,10.1,9312.2 ,0.69 ,-0.70 ,0.92 ,0.91 ,3.91
923,10.1,9322.3 ,0.99 ,-0.79 ,0.90 ,1.10 ,4.10
924,10.1,9332.4 ,0.89 ,-0.86 ,0.87 ,0.90 ,3.90
925,10.1,9342.5 ,0.45 ,-0.92 ,0.84 ,0.37 ,3.37
926,10.1,9352.6 ,-0.16 ,-0.96 ,0.80 ,-0.32 ,2.68
927,10.1,9362.7 ,-0.72 ,-0.99 ,0.76 ,-0.94 ,2.06
928,10.1,9372.8 ,-0.99 ,-1.00 ,0.72 ,-1.27 ,1.73
929,10.1,9382.9 ,-0.88 ,-1.00 ,0.67 ,-1.20 ,1.80
930,10.1,9393.0 ,-0.43 ,-0.97 ,0.62 ,-0.78 ,2.22
931,10.1,9403.1 ,0.19 ,-0.94 ,0.57 ,-0.17 ,2.83
932,10.1,9413.2 ,0.74 ,-0.89 ,0.52 ,0.37 ,3.37
933,10.1,9423.3 ,0.99 ,-0.82 ,0.46 ,0.64 ,3.64
934,10.1,9433.4 ,0.86 ,-0.74 ,0.41 ,0.53 ,3.53
935,10.1,9443.5 ,0.40 ,-0.65 ,0.35 ,0.09 ,3.09
936,10.1,9453.6 ,-0.22 ,-0.55 ,0.29 ,-0.49 ,2.51
937,10.1,9463.7 ,-0.76 ,-0.44 ,0.23 ,-0.97 ,2.03
938,10.1,9473.8 ,-1.00 ,-0.32 ,0.16 ,-1.16 ,1.84
939,10.1,9483.9 ,-0.85 ,-0.20 ,0.10 ,-0.95 ,2.05
940,10.1,9494.0 ,-0.37 ,-0.08 ,0.04 ,-0.41 ,2.59
941,10.1,9504.1 ,0.25 ,0.05 ,-0.03 ,0.28 ,3.28
942,10.1,9514.2 ,0.78 ,0.18 ,-0.09 ,0.87 ,3.87
943,10.1,9524.3 ,1.00 ,0.30 ,-0.15 ,1.15 ,4.15
944,10.1,9534.4 ,0.83 ,0.42 ,-0.21 ,1.04 ,4.04
945,10.1,9544.5 ,0.34 ,0.53 ,-0.28 ,0.59 ,3.59
946,10.1,9554.6 ,-0.29 ,0.63 ,-0.34 ,0.01 ,3.01
947,10.1,9564.7 ,-0.80 ,0.73 ,-0.40 ,-0.47 ,2.53
948,10.1,9574.8 ,-1.00 ,0.81 ,-0.45 ,-0.65 ,2.35
949,10.1,9584.9 ,-0.81 ,0.88 ,-0.51 ,-0.45 ,2.55
950,10.1,9595.0 ,-0.31 ,0.93 ,-0.56 ,0.06 ,3.06
951,10.1,9605.1 ,0.31 ,0.97 ,-0.61 ,0.67 ,3.67
952,10.1,9615.2 ,0.82 ,0.99 ,-0.66 ,1.15 ,4.15
953,10.1,9625.3 ,1.00 ,1.00 ,-0.71 ,1.29 ,4.29
954,10.1,9635.4 ,0.79 ,0.99 ,-0.75 ,1.03 ,4.03
955,10.1,9645.5 ,0.28 ,0.97 ,-0.79 ,0.45 ,3.45
956,10.1,9655.6 ,-0.34 ,0.93 ,-0.83 ,-0.25 ,2.75
957,10.1,9665.7 ,-0.83 ,0.87 ,-0.86 ,-0.83 ,2.17
958,10.1,9675.8 ,-1.00 ,0.80 ,-0.89 ,-1.09 ,1.91
959,10.1,9685.9 ,-0.77 ,0.72 ,-0.92 ,-0.97 ,2.03
960,10.1,9696.0 ,-0.25 ,0.63 ,-0.94 ,-0.56 ,2.44
961,10.1,9706.1 ,0.37 ,0.52 ,-0.96 ,-0.06 ,2.94
962,10.1,9716.2 ,0.85 ,0.41 ,-0.98 ,0.29 ,3.29
963,10.1,9726.3 ,1.00 ,0.29 ,-0.99 ,0.30 ,3.30
964,10.1,9736.4 ,0.75 ,0.17 ,-1.00 ,-0.07 ,2.93
965,10.1,9746.5 ,0.22 ,0.04 ,-1.00 ,-0.74 ,2.26
966,10.1,9756.6 ,-0.40 ,-0.08 ,-1.00 ,-1.48 ,1.52
967,10.1,9766.7 ,-0.87 ,-0.21 ,-0.99 ,-2.07 ,0.93
968,10.1,9776.8 ,-0.99 ,-0.33 ,-0.99 ,-2.31 ,0.69
969,10.1,9786.9 ,-0.73 ,-0.45 ,-0.97 ,-2.15 ,0.85
970,10.1,9797.0 ,-0.19 ,-0.56 ,-0.96 ,-1.70 ,1.30
971,10.1,9807.1 ,0.43 ,-0.66 ,-0.94 ,-1.16 ,1.84
972,10.1,9817.2 ,0.88 ,-0.75 ,-0.91 ,-0.78 ,2.22
973,10.1,9827.3 ,0.99 ,-0.83 ,-0.88 ,-0.72 ,2.28
974,10.1,9837.4 ,0.71 ,-0.89 ,-0.85 ,-1.03 ,1.97
975,10.1,9847.5 ,0.16 ,-0.94 ,-0.82 ,-1.60 ,1.40
976,10.1,9857.6 ,-0.46 ,-0.98 ,-0.78 ,-2.22 ,0.78
977,10.1,9867.7 ,-0.90 ,-1.00 ,-0.74 ,-2.63 ,0.37
978,10.1,9877.8 ,-0.98 ,-1.00 ,-0.69 ,-2.68 ,0.32
979,10.1,9887.9 ,-0.69 ,-0.99 ,-0.65 ,-2.32 ,0.68
980,10.1,9898.0 ,-0.13 ,-0.96 ,-0.60 ,-1.68 ,1.32
981,10.1,9908.1 ,0.49 ,-0.91 ,-0.55 ,-0.97 ,2.03
982,10.1,9918.2 ,0.91 ,-0.86 ,-0.49 ,-0.44 ,2.56
983,10.1,9928.3 ,0.98 ,-0.78 ,-0.44 ,-0.24 ,2.76
984,10.1,9938.4 ,0.67 ,-0.70 ,-0.38 ,-0.41 ,2.59
985,10.1,9948.5 ,0.09 ,-0.60 ,-0.32 ,-0.83 ,2.17
986,10.1,9958.6 ,-0.51 ,-0.50 ,-0.26 ,-1.27 ,1.73
987,10.1,9968.7 ,-0.92 ,-0.38 ,-0.20 ,-1.50 ,1.50
988,10.1,9978.8 ,-0.97 ,-0.26 ,-0.13 ,-1.37 ,1.63
989,10.1,9988.9 ,-0.64 ,-0.14 ,-0.07 ,-0.85 ,2.15
990,10.1,9999.0 ,-0.06 ,-0.01 ,-0.01 ,-0.08 ,2.92
991,10.1,10009.1 ,0.54 ,0.11 ,0.06 ,0.71 ,3.71
992,10.1,10019.2 ,0.93 ,0.24 ,0.12 ,1.29 ,4.29
993,10.1,10029.3 ,0.96 ,0.36 ,0.18 ,1.51 ,4.51
994,10.1,10039.4 ,0.62 ,0.48 ,0.25 ,1.34 ,4.34
995,10.1,10049.5 ,0.03 ,0.58 ,0.31 ,0.92 ,3.92
996,10.1,10059.6 ,-0.57 ,0.68 ,0.37 ,0.48 ,3.48
997,10.1,10069.7 ,-0.95 ,0.77 ,0.42 ,0.25 ,3.25
998,10.1,10079.8 ,-0.95 ,0.84 ,0.48 ,0.37 ,3.37
999,10.1,10089.9 ,-0.59 ,0.90 ,0.54 ,0.85 ,3.85
1000,10.1,10100.0 ,0.00 ,0.95 ,0.59 ,1.54 ,4.54
1001,10.1,10110.1 ,0.59 ,0.98 ,0.64 ,2.21 ,5.21
1002,10.1,10120.2 ,0.95 ,1.00 ,0.69 ,2.64 ,5.64
1003,10.1,10130.3 ,0.95 ,1.00 ,0.73 ,2.67 ,5.67
1004,10.1,10140.4 ,0.57 ,0.98 ,0.77 ,2.32 ,5.32
1005,10.1,10150.5 ,-0.03 ,0.95 ,0.81 ,1.73 ,4.73
1006,10.1,10160.6 ,-0.62 ,0.90 ,0.85 ,1.13 ,4.13
1007,10.1,10170.7 ,-0.96 ,0.84 ,0.88 ,0.75 ,3.75
1008,10.1,10180.8 ,-0.93 ,0.76 ,0.91 ,0.74 ,3.74
1009,10.1,10190.9 ,-0.54 ,0.68 ,0.93 ,1.07 ,4.07
1010,10.1,10201.0 ,0.06 ,0.58 ,0.95 ,1.59 ,4.59
1011,10.1,10211.1 ,0.64 ,0.47 ,0.97 ,2.08 ,5.08
1012,10.1,10221.2 ,0.97 ,0.35 ,0.98 ,2.31 ,5.31
1013,10.1,10231.3 ,0.92 ,0.23 ,0.99 ,2.15 ,5.15
1014,10.1,10241.4 ,0.51 ,0.11 ,1.00 ,1.62 ,4.62
1015,10.1,10251.5 ,-0.09 ,-0.02 ,1.00 ,0.89 ,3.89
1016,10.1,10261.6 ,-0.67 ,-0.15 ,1.00 ,0.19 ,3.19
1017,10.1,10271.7 ,-0.98 ,-0.27 ,0.99 ,-0.26 ,2.74
1018,10.1,10281.8 ,-0.91 ,-0.39 ,0.98 ,-0.32 ,2.68
1019,10.1,10291.9 ,-0.49 ,-0.50 ,0.97 ,-0.02 ,2.98
1020,10.1,10302.0 ,0.13 ,-0.61 ,0.95 ,0.46 ,3.46
1021,10.1,10312.1 ,0.69 ,-0.70 ,0.92 ,0.91 ,3.91
1022,10.1,10322.2 ,0.98 ,-0.79 ,0.90 ,1.10 ,4.10
1023,10.1,10332.3 ,0.90 ,-0.86 ,0.87 ,0.91 ,3.91
1024,10.1,10342.4 ,0.46 ,-0.92 ,0.84 ,0.38 ,3.38
